2026.09.09 12:14:54 INFO  Started: Metals version 1.6.8 in folders '/mnt/c/Users/Admin/Documents/Laboratorio2(TO)' for client Visual Studio Code 1.136.0.[0m
2026.09.09 12:14:54 INFO  Memory monitor started[0m
2026.09.09 12:14:55 WARN  Using H2 2.4.240 which is newer than the version Flyway has been verified with. The latest verified version of H2 is 2.3.232.[0m
2026.09.09 12:14:56 INFO  no build target found for /mnt/c/Users/Admin/Documents/Laboratorio2(TO)/Persona.java. Using fallback presentation compiler.[0m
2026.09.09 12:14:56 WARN  no build tool detected in workspace '/mnt/c/Users/Admin/Documents/Laboratorio2(TO)'. The most common cause for this problem is that the editor was opened in the wrong working directory, for example if you use sbt then the workspace directory should contain build.sbt. [0m
2026.09.09 12:14:57 WARN  Build server is not auto-connectable.[0m
2026.09.09 12:14:57 WARN  no build target for: /mnt/c/Users/Admin/Documents/Laboratorio2(TO)/Persona.java[0m
2026.09.09 12:14:57 INFO  no build target found for /mnt/c/Users/Admin/Documents/Laboratorio2(TO)/Persona.java. Using fallback presentation compiler.[0m
2026.09.09 12:14:57 WARN  Running javac-semanticdb failed for file:///mnt/c/Users/Admin/Documents/Laboratorio2(TO)/Persona.java. Output:
[0m
2026.09.09 12:15:02 WARN  no build target for: /mnt/c/Users/Admin/Documents/Laboratorio2(TO)/Profesor.java[0m
2026.09.09 12:15:02 INFO  no build target found for /mnt/c/Users/Admin/Documents/Laboratorio2(TO)/Profesor.java. Using fallback presentation compiler.[0m
2026.09.09 12:15:02 WARN  Running javac-semanticdb failed for file:///mnt/c/Users/Admin/Documents/Laboratorio2(TO)/Profesor.java. Output:
[0m
2026.09.09 12:15:02 INFO  no build target found for /mnt/c/Users/Admin/Documents/Laboratorio2(TO)/Profesor.java. Using fallback presentation compiler.[0m
2026.09.09 12:15:15 WARN  no build target for: /mnt/c/Users/Admin/Documents/Laboratorio2(TO)/Estudiante.java[0m
2026.09.09 12:15:15 INFO  no build target found for /mnt/c/Users/Admin/Documents/Laboratorio2(TO)/Estudiante.java. Using fallback presentation compiler.[0m
2026.09.09 12:15:15 WARN  Running javac-semanticdb failed for file:///mnt/c/Users/Admin/Documents/Laboratorio2(TO)/Estudiante.java. Output:
[0m
2026.09.09 12:15:15 INFO  no build target found for /mnt/c/Users/Admin/Documents/Laboratorio2(TO)/Estudiante.java. Using fallback presentation compiler.[0m
2026.09.09 12:15:31 WARN  no build target for: /mnt/c/Users/Admin/Documents/Laboratorio2(TO)/Horario.java[0m
2026.09.09 12:15:31 INFO  no build target found for /mnt/c/Users/Admin/Documents/Laboratorio2(TO)/Horario.java. Using fallback presentation compiler.[0m
2026.09.09 12:15:31 WARN  Running javac-semanticdb failed for file:///mnt/c/Users/Admin/Documents/Laboratorio2(TO)/Horario.java. Output:
[0m
2026.09.09 12:15:32 INFO  no build target found for /mnt/c/Users/Admin/Documents/Laboratorio2(TO)/Horario.java. Using fallback presentation compiler.[0m
2026.09.09 12:15:41 WARN  no build target for: /mnt/c/Users/Admin/Documents/Laboratorio2(TO)/Curso.java[0m
2026.09.09 12:15:41 INFO  no build target found for /mnt/c/Users/Admin/Documents/Laboratorio2(TO)/Curso.java. Using fallback presentation compiler.[0m
2026.09.09 12:15:41 WARN  Running javac-semanticdb failed for file:///mnt/c/Users/Admin/Documents/Laboratorio2(TO)/Curso.java. Output:
[0m
2026.09.09 12:15:41 INFO  no build target found for /mnt/c/Users/Admin/Documents/Laboratorio2(TO)/Curso.java. Using fallback presentation compiler.[0m
2026.09.09 12:15:56 WARN  no build target for: /mnt/c/Users/Admin/Documents/Laboratorio2(TO)/Universidad.java[0m
2026.09.09 12:15:56 INFO  no build target found for /mnt/c/Users/Admin/Documents/Laboratorio2(TO)/Universidad.java. Using fallback presentation compiler.[0m
2026.09.09 12:15:56 WARN  Running javac-semanticdb failed for file:///mnt/c/Users/Admin/Documents/Laboratorio2(TO)/Universidad.java. Output:
[0m
2026.09.09 12:15:56 INFO  no build target found for /mnt/c/Users/Admin/Documents/Laboratorio2(TO)/Universidad.java. Using fallback presentation compiler.[0m
2026.09.09 12:16:03 WARN  no build target for: /mnt/c/Users/Admin/Documents/Laboratorio2(TO)/Reporte.java[0m
2026.09.09 12:16:03 INFO  no build target found for /mnt/c/Users/Admin/Documents/Laboratorio2(TO)/Reporte.java. Using fallback presentation compiler.[0m
2026.09.09 12:16:03 WARN  Running javac-semanticdb failed for file:///mnt/c/Users/Admin/Documents/Laboratorio2(TO)/Reporte.java. Output:
[0m
2026.09.09 12:16:03 INFO  no build target found for /mnt/c/Users/Admin/Documents/Laboratorio2(TO)/Reporte.java. Using fallback presentation compiler.[0m
2026.09.09 12:17:13 WARN  no build target for: /mnt/c/Users/Admin/Documents/Laboratorio2(TO)/Persona.java[0m
2026.09.09 12:17:13 INFO  no build target found for /mnt/c/Users/Admin/Documents/Laboratorio2(TO)/Persona.java. Using fallback presentation compiler.[0m
2026.09.09 12:17:16 INFO  no build target found for /mnt/c/Users/Admin/Documents/Laboratorio2(TO)/Persona.java. Using fallback presentation compiler.[0m
2026.09.09 12:17:16 INFO  no build target found for /mnt/c/Users/Admin/Documents/Laboratorio2(TO)/Persona.java. Using fallback presentation compiler.[0m
Sep 09, 2026 12:17:16 PM org.eclipse.lsp4j.jsonrpc.RemoteEndpoint handleCancellation
WARNING: Unmatched cancel notification for request id 64
2026.09.09 12:17:16 INFO  no build target found for /mnt/c/Users/Admin/Documents/Laboratorio2(TO)/Persona.java. Using fallback presentation compiler.[0m
2026.09.09 12:17:16 INFO  no build target found for /mnt/c/Users/Admin/Documents/Laboratorio2(TO)/Persona.java. Using fallback presentation compiler.[0m
2026.09.09 12:17:16 INFO  no build target found for /mnt/c/Users/Admin/Documents/Laboratorio2(TO)/Persona.java. Using fallback presentation compiler.[0m
2026.09.09 12:17:16 INFO  no build target found for /mnt/c/Users/Admin/Documents/Laboratorio2(TO)/Persona.java. Using fallback presentation compiler.[0m
2026.09.09 12:17:17 INFO  no build target found for /mnt/c/Users/Admin/Documents/Laboratorio2(TO)/Persona.java. Using fallback presentation compiler.[0m
2026.09.09 12:17:18 INFO  no build target found for /mnt/c/Users/Admin/Documents/Laboratorio2(TO)/Persona.java. Using fallback presentation compiler.[0m
2026.09.09 12:17:18 INFO  no build target found for /mnt/c/Users/Admin/Documents/Laboratorio2(TO)/Persona.java. Using fallback presentation compiler.[0m
2026.09.09 12:17:18 INFO  no build target found for /mnt/c/Users/Admin/Documents/Laboratorio2(TO)/Persona.java. Using fallback presentation compiler.[0m
2026.09.09 12:17:18 INFO  no build target found for /mnt/c/Users/Admin/Documents/Laboratorio2(TO)/Persona.java. Using fallback presentation compiler.[0m
2026.09.09 12:17:18 INFO  no build target found for /mnt/c/Users/Admin/Documents/Laboratorio2(TO)/Persona.java. Using fallback presentation compiler.[0m
2026.09.09 12:17:18 INFO  no build target found for /mnt/c/Users/Admin/Documents/Laboratorio2(TO)/Persona.java. Using fallback presentation compiler.[0m
2026.09.09 12:17:19 INFO  no build target found for /mnt/c/Users/Admin/Documents/Laboratorio2(TO)/Persona.java. Using fallback presentation compiler.[0m
Sep 09, 2026 12:17:19 PM org.eclipse.lsp4j.jsonrpc.RemoteEndpoint handleCancellation
WARNING: Unmatched cancel notification for request id 77
2026.09.09 12:17:19 INFO  no build target found for /mnt/c/Users/Admin/Documents/Laboratorio2(TO)/Persona.java. Using fallback presentation compiler.[0m
2026.09.09 12:17:20 INFO  no build target found for /mnt/c/Users/Admin/Documents/Laboratorio2(TO)/Persona.java. Using fallback presentation compiler.[0m
2026.09.09 12:17:24 INFO  no build target found for /mnt/c/Users/Admin/Documents/Laboratorio2(TO)/Persona.java. Using fallback presentation compiler.[0m
2026.09.09 12:17:24 INFO  no build target found for /mnt/c/Users/Admin/Documents/Laboratorio2(TO)/Persona.java. Using fallback presentation compiler.[0m
2026.09.09 12:17:24 INFO  no build target found for /mnt/c/Users/Admin/Documents/Laboratorio2(TO)/Persona.java. Using fallback presentation compiler.[0m
2026.09.09 12:17:24 INFO  no build target found for /mnt/c/Users/Admin/Documents/Laboratorio2(TO)/Persona.java. Using fallback presentation compiler.[0m
2026.09.09 12:17:24 INFO  no build target found for /mnt/c/Users/Admin/Documents/Laboratorio2(TO)/Persona.java. Using fallback presentation compiler.[0m
2026.09.09 12:17:25 INFO  no build target found for /mnt/c/Users/Admin/Documents/Laboratorio2(TO)/Persona.java. Using fallback presentation compiler.[0m
2026.09.09 12:17:25 INFO  no build target found for /mnt/c/Users/Admin/Documents/Laboratorio2(TO)/Persona.java. Using fallback presentation compiler.[0m
2026.09.09 12:17:29 INFO  no build target found for /mnt/c/Users/Admin/Documents/Laboratorio2(TO)/Persona.java. Using fallback presentation compiler.[0m
2026.09.09 12:17:29 INFO  no build target found for /mnt/c/Users/Admin/Documents/Laboratorio2(TO)/Persona.java. Using fallback presentation compiler.[0m
2026.09.09 12:17:29 INFO  no build target found for /mnt/c/Users/Admin/Documents/Laboratorio2(TO)/Persona.java. Using fallback presentation compiler.[0m
2026.09.09 12:17:29 INFO  no build target found for /mnt/c/Users/Admin/Documents/Laboratorio2(TO)/Persona.java. Using fallback presentation compiler.[0m
2026.09.09 12:17:29 INFO  no build target found for /mnt/c/Users/Admin/Documents/Laboratorio2(TO)/Persona.java. Using fallback presentation compiler.[0m
2026.09.09 12:17:29 INFO  no build target found for /mnt/c/Users/Admin/Documents/Laboratorio2(TO)/Persona.java. Using fallback presentation compiler.[0m
2026.09.09 12:17:29 INFO  no build target found for /mnt/c/Users/Admin/Documents/Laboratorio2(TO)/Persona.java. Using fallback presentation compiler.[0m
2026.09.09 12:17:29 INFO  no build target found for /mnt/c/Users/Admin/Documents/Laboratorio2(TO)/Persona.java. Using fallback presentation compiler.[0m
2026.09.09 12:17:30 INFO  no build target found for /mnt/c/Users/Admin/Documents/Laboratorio2(TO)/Persona.java. Using fallback presentation compiler.[0m
2026.09.09 12:17:29 INFO  no build target found for /mnt/c/Users/Admin/Documents/Laboratorio2(TO)/Persona.java. Using fallback presentation compiler.[0m
2026.09.09 12:17:30 INFO  no build target found for /mnt/c/Users/Admin/Documents/Laboratorio2(TO)/Persona.java. Using fallback presentation compiler.[0m
2026.09.09 12:17:30 INFO  no build target found for /mnt/c/Users/Admin/Documents/Laboratorio2(TO)/Persona.java. Using fallback presentation compiler.[0m
2026.09.09 12:17:30 INFO  no build target found for /mnt/c/Users/Admin/Documents/Laboratorio2(TO)/Persona.java. Using fallback presentation compiler.[0m
2026.09.09 12:17:30 INFO  no build target found for /mnt/c/Users/Admin/Documents/Laboratorio2(TO)/Persona.java. Using fallback presentation compiler.[0m
2026.09.09 12:17:31 INFO  no build target found for /mnt/c/Users/Admin/Documents/Laboratorio2(TO)/Persona.java. Using fallback presentation compiler.[0m
2026.09.09 12:17:31 INFO  no build target found for /mnt/c/Users/Admin/Documents/Laboratorio2(TO)/Persona.java. Using fallback presentation compiler.[0m
2026.09.09 12:17:31 INFO  no build target found for /mnt/c/Users/Admin/Documents/Laboratorio2(TO)/Persona.java. Using fallback presentation compiler.[0m
2026.09.09 12:17:31 INFO  no build target found for /mnt/c/Users/Admin/Documents/Laboratorio2(TO)/Persona.java. Using fallback presentation compiler.[0m
2026.09.09 12:17:31 INFO  no build target found for /mnt/c/Users/Admin/Documents/Laboratorio2(TO)/Persona.java. Using fallback presentation compiler.[0m
2026.09.09 12:17:31 INFO  no build target found for /mnt/c/Users/Admin/Documents/Laboratorio2(TO)/Persona.java. Using fallback presentation compiler.[0m
2026.09.09 12:17:32 INFO  no build target found for /mnt/c/Users/Admin/Documents/Laboratorio2(TO)/Persona.java. Using fallback presentation compiler.[0m
2026.09.09 12:17:31 INFO  no build target found for /mnt/c/Users/Admin/Documents/Laboratorio2(TO)/Persona.java. Using fallback presentation compiler.[0m
2026.09.09 12:17:31 INFO  no build target found for /mnt/c/Users/Admin/Documents/Laboratorio2(TO)/Persona.java. Using fallback presentation compiler.[0m
2026.09.09 12:17:31 INFO  no build target found for /mnt/c/Users/Admin/Documents/Laboratorio2(TO)/Persona.java. Using fallback presentation compiler.[0m
2026.09.09 12:17:32 INFO  no build target found for /mnt/c/Users/Admin/Documents/Laboratorio2(TO)/Persona.java. Using fallback presentation compiler.[0m
2026.09.09 12:17:33 INFO  no build target found for /mnt/c/Users/Admin/Documents/Laboratorio2(TO)/Persona.java. Using fallback presentation compiler.[0m
2026.09.09 12:17:33 INFO  no build target found for /mnt/c/Users/Admin/Documents/Laboratorio2(TO)/Persona.java. Using fallback presentation compiler.[0m
2026.09.09 12:17:34 INFO  no build target found for /mnt/c/Users/Admin/Documents/Laboratorio2(TO)/Persona.java. Using fallback presentation compiler.[0m
2026.09.09 12:17:37 INFO  no build target found for /mnt/c/Users/Admin/Documents/Laboratorio2(TO)/Persona.java. Using fallback presentation compiler.[0m
2026.09.09 12:17:37 INFO  no build target found for /mnt/c/Users/Admin/Documents/Laboratorio2(TO)/Persona.java. Using fallback presentation compiler.[0m
2026.09.09 12:17:37 INFO  no build target found for /mnt/c/Users/Admin/Documents/Laboratorio2(TO)/Persona.java. Using fallback presentation compiler.[0m
2026.09.09 12:17:38 INFO  no build target found for /mnt/c/Users/Admin/Documents/Laboratorio2(TO)/Persona.java. Using fallback presentation compiler.[0m
2026.09.09 12:17:37 INFO  no build target found for /mnt/c/Users/Admin/Documents/Laboratorio2(TO)/Persona.java. Using fallback presentation compiler.[0m
2026.09.09 12:17:37 INFO  no build target found for /mnt/c/Users/Admin/Documents/Laboratorio2(TO)/Persona.java. Using fallback presentation compiler.[0m
2026.09.09 12:17:37 INFO  no build target found for /mnt/c/Users/Admin/Documents/Laboratorio2(TO)/Persona.java. Using fallback presentation compiler.[0m
2026.09.09 12:17:38 INFO  no build target found for /mnt/c/Users/Admin/Documents/Laboratorio2(TO)/Persona.java. Using fallback presentation compiler.[0m
2026.09.09 12:17:37 INFO  no build target found for /mnt/c/Users/Admin/Documents/Laboratorio2(TO)/Persona.java. Using fallback presentation compiler.[0m
2026.09.09 12:17:39 INFO  no build target found for /mnt/c/Users/Admin/Documents/Laboratorio2(TO)/Persona.java. Using fallback presentation compiler.[0m
2026.09.09 12:17:39 INFO  no build target found for /mnt/c/Users/Admin/Documents/Laboratorio2(TO)/Persona.java. Using fallback presentation compiler.[0m
2026.09.09 12:17:39 INFO  no build target found for /mnt/c/Users/Admin/Documents/Laboratorio2(TO)/Persona.java. Using fallback presentation compiler.[0m
2026.09.09 12:17:39 INFO  no build target found for /mnt/c/Users/Admin/Documents/Laboratorio2(TO)/Persona.java. Using fallback presentation compiler.[0m
2026.09.09 12:17:39 INFO  no build target found for /mnt/c/Users/Admin/Documents/Laboratorio2(TO)/Persona.java. Using fallback presentation compiler.[0m
2026.09.09 12:17:38 INFO  no build target found for /mnt/c/Users/Admin/Documents/Laboratorio2(TO)/Persona.java. Using fallback presentation compiler.[0m
2026.09.09 12:17:39 INFO  no build target found for /mnt/c/Users/Admin/Documents/Laboratorio2(TO)/Persona.java. Using fallback presentation compiler.[0m
2026.09.09 12:17:40 INFO  no build target found for /mnt/c/Users/Admin/Documents/Laboratorio2(TO)/Persona.java. Using fallback presentation compiler.[0m
2026.09.09 12:17:40 INFO  no build target found for /mnt/c/Users/Admin/Documents/Laboratorio2(TO)/Persona.java. Using fallback presentation compiler.[0m
2026.09.09 12:17:40 INFO  no build target found for /mnt/c/Users/Admin/Documents/Laboratorio2(TO)/Persona.java. Using fallback presentation compiler.[0m
2026.09.09 12:17:40 INFO  no build target found for /mnt/c/Users/Admin/Documents/Laboratorio2(TO)/Persona.java. Using fallback presentation compiler.[0m
2026.09.09 12:17:40 INFO  no build target found for /mnt/c/Users/Admin/Documents/Laboratorio2(TO)/Persona.java. Using fallback presentation compiler.[0m
2026.09.09 12:17:40 INFO  no build target found for /mnt/c/Users/Admin/Documents/Laboratorio2(TO)/Persona.java. Using fallback presentation compiler.[0m
2026.09.09 12:17:40 INFO  no build target found for /mnt/c/Users/Admin/Documents/Laboratorio2(TO)/Persona.java. Using fallback presentation compiler.[0m
2026.09.09 12:17:40 INFO  no build target found for /mnt/c/Users/Admin/Documents/Laboratorio2(TO)/Persona.java. Using fallback presentation compiler.[0m
2026.09.09 12:17:40 INFO  no build target found for /mnt/c/Users/Admin/Documents/Laboratorio2(TO)/Persona.java. Using fallback presentation compiler.[0m
2026.09.09 12:17:41 INFO  no build target found for /mnt/c/Users/Admin/Documents/Laboratorio2(TO)/Persona.java. Using fallback presentation compiler.[0m
2026.09.09 12:17:41 INFO  no build target found for /mnt/c/Users/Admin/Documents/Laboratorio2(TO)/Persona.java. Using fallback presentation compiler.[0m
2026.09.09 12:17:41 INFO  no build target found for /mnt/c/Users/Admin/Documents/Laboratorio2(TO)/Persona.java. Using fallback presentation compiler.[0m
2026.09.09 12:17:42 INFO  no build target found for /mnt/c/Users/Admin/Documents/Laboratorio2(TO)/Persona.java. Using fallback presentation compiler.[0m
2026.09.09 12:17:41 INFO  no build target found for /mnt/c/Users/Admin/Documents/Laboratorio2(TO)/Persona.java. Using fallback presentation compiler.[0m
2026.09.09 12:17:42 INFO  no build target found for /mnt/c/Users/Admin/Documents/Laboratorio2(TO)/Persona.java. Using fallback presentation compiler.[0m
2026.09.09 12:17:43 INFO  no build target found for /mnt/c/Users/Admin/Documents/Laboratorio2(TO)/Persona.java. Using fallback presentation compiler.[0m
2026.09.09 12:17:43 INFO  no build target found for /mnt/c/Users/Admin/Documents/Laboratorio2(TO)/Persona.java. Using fallback presentation compiler.[0m
2026.09.09 12:17:43 INFO  no build target found for /mnt/c/Users/Admin/Documents/Laboratorio2(TO)/Persona.java. Using fallback presentation compiler.[0m
2026.09.09 12:17:43 INFO  no build target found for /mnt/c/Users/Admin/Documents/Laboratorio2(TO)/Persona.java. Using fallback presentation compiler.[0m
2026.09.09 12:17:43 INFO  no build target found for /mnt/c/Users/Admin/Documents/Laboratorio2(TO)/Persona.java. Using fallback presentation compiler.[0m
2026.09.09 12:17:43 INFO  no build target found for /mnt/c/Users/Admin/Documents/Laboratorio2(TO)/Persona.java. Using fallback presentation compiler.[0m
2026.09.09 12:17:43 INFO  no build target found for /mnt/c/Users/Admin/Documents/Laboratorio2(TO)/Persona.java. Using fallback presentation compiler.[0m
2026.09.09 12:17:43 INFO  no build target found for /mnt/c/Users/Admin/Documents/Laboratorio2(TO)/Persona.java. Using fallback presentation compiler.[0m
2026.09.09 12:17:43 INFO  no build target found for /mnt/c/Users/Admin/Documents/Laboratorio2(TO)/Persona.java. Using fallback presentation compiler.[0m
2026.09.09 12:17:44 INFO  no build target found for /mnt/c/Users/Admin/Documents/Laboratorio2(TO)/Persona.java. Using fallback presentation compiler.[0m
Sep 09, 2026 12:17:44 PM org.eclipse.lsp4j.jsonrpc.RemoteEndpoint handleCancellation
WARNING: Unmatched cancel notification for request id 196
2026.09.09 12:17:44 INFO  no build target found for /mnt/c/Users/Admin/Documents/Laboratorio2(TO)/Persona.java. Using fallback presentation compiler.[0m
Sep 09, 2026 12:17:44 PM org.eclipse.lsp4j.jsonrpc.RemoteEndpoint handleCancellation
WARNING: Unmatched cancel notification for request id 197
2026.09.09 12:17:44 INFO  no build target found for /mnt/c/Users/Admin/Documents/Laboratorio2(TO)/Persona.java. Using fallback presentation compiler.[0m
2026.09.09 12:17:44 INFO  no build target found for /mnt/c/Users/Admin/Documents/Laboratorio2(TO)/Persona.java. Using fallback presentation compiler.[0m
2026.09.09 12:17:44 INFO  no build target found for /mnt/c/Users/Admin/Documents/Laboratorio2(TO)/Persona.java. Using fallback presentation compiler.[0m
2026.09.09 12:17:44 INFO  no build target found for /mnt/c/Users/Admin/Documents/Laboratorio2(TO)/Persona.java. Using fallback presentation compiler.[0m
2026.09.09 12:17:45 INFO  no build target found for /mnt/c/Users/Admin/Documents/Laboratorio2(TO)/Persona.java. Using fallback presentation compiler.[0m
2026.09.09 12:17:45 INFO  no build target found for /mnt/c/Users/Admin/Documents/Laboratorio2(TO)/Persona.java. Using fallback presentation compiler.[0m
2026.09.09 12:17:45 INFO  no build target found for /mnt/c/Users/Admin/Documents/Laboratorio2(TO)/Persona.java. Using fallback presentation compiler.[0m
2026.09.09 12:17:46 INFO  no build target found for /mnt/c/Users/Admin/Documents/Laboratorio2(TO)/Persona.java. Using fallback presentation compiler.[0m
2026.09.09 12:17:51 INFO  no build target found for /mnt/c/Users/Admin/Documents/Laboratorio2(TO)/Persona.java. Using fallback presentation compiler.[0m
2026.09.09 12:17:51 INFO  no build target found for /mnt/c/Users/Admin/Documents/Laboratorio2(TO)/Persona.java. Using fallback presentation compiler.[0m
2026.09.09 12:17:51 INFO  no build target found for /mnt/c/Users/Admin/Documents/Laboratorio2(TO)/Persona.java. Using fallback presentation compiler.[0m
2026.09.09 12:17:51 INFO  no build target found for /mnt/c/Users/Admin/Documents/Laboratorio2(TO)/Persona.java. Using fallback presentation compiler.[0m
2026.09.09 12:17:51 INFO  no build target found for /mnt/c/Users/Admin/Documents/Laboratorio2(TO)/Persona.java. Using fallback presentation compiler.[0m
2026.09.09 12:17:52 INFO  no build target found for /mnt/c/Users/Admin/Documents/Laboratorio2(TO)/Persona.java. Using fallback presentation compiler.[0m
2026.09.09 12:17:52 INFO  no build target found for /mnt/c/Users/Admin/Documents/Laboratorio2(TO)/Persona.java. Using fallback presentation compiler.[0m
2026.09.09 12:17:52 INFO  no build target found for /mnt/c/Users/Admin/Documents/Laboratorio2(TO)/Persona.java. Using fallback presentation compiler.[0m
2026.09.09 12:17:52 INFO  no build target found for /mnt/c/Users/Admin/Documents/Laboratorio2(TO)/Persona.java. Using fallback presentation compiler.[0m
2026.09.09 12:17:52 INFO  no build target found for /mnt/c/Users/Admin/Documents/Laboratorio2(TO)/Persona.java. Using fallback presentation compiler.[0m
2026.09.09 12:17:52 INFO  no build target found for /mnt/c/Users/Admin/Documents/Laboratorio2(TO)/Persona.java. Using fallback presentation compiler.[0m
2026.09.09 12:17:53 INFO  no build target found for /mnt/c/Users/Admin/Documents/Laboratorio2(TO)/Persona.java. Using fallback presentation compiler.[0m
2026.09.09 12:17:53 INFO  no build target found for /mnt/c/Users/Admin/Documents/Laboratorio2(TO)/Persona.java. Using fallback presentation compiler.[0m
2026.09.09 12:17:53 INFO  no build target found for /mnt/c/Users/Admin/Documents/Laboratorio2(TO)/Persona.java. Using fallback presentation compiler.[0m
2026.09.09 12:17:53 INFO  no build target found for /mnt/c/Users/Admin/Documents/Laboratorio2(TO)/Persona.java. Using fallback presentation compiler.[0m
2026.09.09 12:17:55 INFO  no build target found for /mnt/c/Users/Admin/Documents/Laboratorio2(TO)/Persona.java. Using fallback presentation compiler.[0m
2026.09.09 12:17:55 INFO  no build target found for /mnt/c/Users/Admin/Documents/Laboratorio2(TO)/Persona.java. Using fallback presentation compiler.[0m
Sep 09, 2026 12:17:55 PM org.eclipse.lsp4j.jsonrpc.RemoteEndpoint handleCancellation
WARNING: Unmatched cancel notification for request id 242
2026.09.09 12:17:55 INFO  no build target found for /mnt/c/Users/Admin/Documents/Laboratorio2(TO)/Persona.java. Using fallback presentation compiler.[0m
2026.09.09 12:17:55 INFO  no build target found for /mnt/c/Users/Admin/Documents/Laboratorio2(TO)/Persona.java. Using fallback presentation compiler.[0m
2026.09.09 12:17:55 INFO  no build target found for /mnt/c/Users/Admin/Documents/Laboratorio2(TO)/Persona.java. Using fallback presentation compiler.[0m
2026.09.09 12:17:55 INFO  no build target found for /mnt/c/Users/Admin/Documents/Laboratorio2(TO)/Persona.java. Using fallback presentation compiler.[0m
2026.09.09 12:17:55 INFO  no build target found for /mnt/c/Users/Admin/Documents/Laboratorio2(TO)/Persona.java. Using fallback presentation compiler.[0m
2026.09.09 12:17:55 INFO  no build target found for /mnt/c/Users/Admin/Documents/Laboratorio2(TO)/Persona.java. Using fallback presentation compiler.[0m
2026.09.09 12:17:55 INFO  no build target found for /mnt/c/Users/Admin/Documents/Laboratorio2(TO)/Persona.java. Using fallback presentation compiler.[0m
2026.09.09 12:17:55 INFO  no build target found for /mnt/c/Users/Admin/Documents/Laboratorio2(TO)/Persona.java. Using fallback presentation compiler.[0m
2026.09.09 12:17:55 INFO  no build target found for /mnt/c/Users/Admin/Documents/Laboratorio2(TO)/Persona.java. Using fallback presentation compiler.[0m
2026.09.09 12:17:56 INFO  no build target found for /mnt/c/Users/Admin/Documents/Laboratorio2(TO)/Persona.java. Using fallback presentation compiler.[0m
2026.09.09 12:17:55 INFO  no build target found for /mnt/c/Users/Admin/Documents/Laboratorio2(TO)/Persona.java. Using fallback presentation compiler.[0m
2026.09.09 12:17:56 INFO  no build target found for /mnt/c/Users/Admin/Documents/Laboratorio2(TO)/Persona.java. Using fallback presentation compiler.[0m
2026.09.09 12:17:56 INFO  no build target found for /mnt/c/Users/Admin/Documents/Laboratorio2(TO)/Persona.java. Using fallback presentation compiler.[0m
2026.09.09 12:17:56 INFO  no build target found for /mnt/c/Users/Admin/Documents/Laboratorio2(TO)/Persona.java. Using fallback presentation compiler.[0m
2026.09.09 12:17:56 INFO  no build target found for /mnt/c/Users/Admin/Documents/Laboratorio2(TO)/Persona.java. Using fallback presentation compiler.[0m
2026.09.09 12:17:56 INFO  no build target found for /mnt/c/Users/Admin/Documents/Laboratorio2(TO)/Persona.java. Using fallback presentation compiler.[0m
2026.09.09 12:17:56 INFO  no build target found for /mnt/c/Users/Admin/Documents/Laboratorio2(TO)/Persona.java. Using fallback presentation compiler.[0m
2026.09.09 12:17:56 INFO  no build target found for /mnt/c/Users/Admin/Documents/Laboratorio2(TO)/Persona.java. Using fallback presentation compiler.[0m
2026.09.09 12:17:57 INFO  no build target found for /mnt/c/Users/Admin/Documents/Laboratorio2(TO)/Persona.java. Using fallback presentation compiler.[0m
2026.09.09 12:17:57 INFO  no build target found for /mnt/c/Users/Admin/Documents/Laboratorio2(TO)/Persona.java. Using fallback presentation compiler.[0m
2026.09.09 12:17:57 INFO  no build target found for /mnt/c/Users/Admin/Documents/Laboratorio2(TO)/Persona.java. Using fallback presentation compiler.[0m
2026.09.09 12:18:00 INFO  no build target found for /mnt/c/Users/Admin/Documents/Laboratorio2(TO)/Persona.java. Using fallback presentation compiler.[0m
2026.09.09 12:18:00 INFO  no build target found for /mnt/c/Users/Admin/Documents/Laboratorio2(TO)/Persona.java. Using fallback presentation compiler.[0m
2026.09.09 12:18:00 INFO  no build target found for /mnt/c/Users/Admin/Documents/Laboratorio2(TO)/Persona.java. Using fallback presentation compiler.[0m
2026.09.09 12:18:00 INFO  no build target found for /mnt/c/Users/Admin/Documents/Laboratorio2(TO)/Persona.java. Using fallback presentation compiler.[0m
2026.09.09 12:18:00 INFO  no build target found for /mnt/c/Users/Admin/Documents/Laboratorio2(TO)/Persona.java. Using fallback presentation compiler.[0m
2026.09.09 12:18:00 INFO  no build target found for /mnt/c/Users/Admin/Documents/Laboratorio2(TO)/Persona.java. Using fallback presentation compiler.[0m
2026.09.09 12:18:00 INFO  no build target found for /mnt/c/Users/Admin/Documents/Laboratorio2(TO)/Persona.java. Using fallback presentation compiler.[0m
Sep 09, 2026 12:18:01 PM org.eclipse.lsp4j.jsonrpc.RemoteEndpoint handleCancellation
WARNING: Unmatched cancel notification for request id 285
2026.09.09 12:18:00 INFO  no build target found for /mnt/c/Users/Admin/Documents/Laboratorio2(TO)/Persona.java. Using fallback presentation compiler.[0m
2026.09.09 12:18:01 INFO  no build target found for /mnt/c/Users/Admin/Documents/Laboratorio2(TO)/Persona.java. Using fallback presentation compiler.[0m
2026.09.09 12:18:01 INFO  no build target found for /mnt/c/Users/Admin/Documents/Laboratorio2(TO)/Persona.java. Using fallback presentation compiler.[0m
2026.09.09 12:18:01 INFO  no build target found for /mnt/c/Users/Admin/Documents/Laboratorio2(TO)/Persona.java. Using fallback presentation compiler.[0m
2026.09.09 12:18:01 INFO  no build target found for /mnt/c/Users/Admin/Documents/Laboratorio2(TO)/Persona.java. Using fallback presentation compiler.[0m
Sep 09, 2026 12:18:01 PM org.eclipse.lsp4j.jsonrpc.RemoteEndpoint handleCancellation
WARNING: Unmatched cancel notification for request id 291
2026.09.09 12:18:01 INFO  no build target found for /mnt/c/Users/Admin/Documents/Laboratorio2(TO)/Persona.java. Using fallback presentation compiler.[0m
2026.09.09 12:18:01 INFO  no build target found for /mnt/c/Users/Admin/Documents/Laboratorio2(TO)/Persona.java. Using fallback presentation compiler.[0m
2026.09.09 12:18:01 INFO  no build target found for /mnt/c/Users/Admin/Documents/Laboratorio2(TO)/Persona.java. Using fallback presentation compiler.[0m
2026.09.09 12:18:01 INFO  no build target found for /mnt/c/Users/Admin/Documents/Laboratorio2(TO)/Persona.java. Using fallback presentation compiler.[0m
2026.09.09 12:18:01 INFO  no build target found for /mnt/c/Users/Admin/Documents/Laboratorio2(TO)/Persona.java. Using fallback presentation compiler.[0m
2026.09.09 12:18:01 INFO  no build target found for /mnt/c/Users/Admin/Documents/Laboratorio2(TO)/Persona.java. Using fallback presentation compiler.[0m
2026.09.09 12:18:01 INFO  no build target found for /mnt/c/Users/Admin/Documents/Laboratorio2(TO)/Persona.java. Using fallback presentation compiler.[0m
2026.09.09 12:18:02 INFO  no build target found for /mnt/c/Users/Admin/Documents/Laboratorio2(TO)/Persona.java. Using fallback presentation compiler.[0m
2026.09.09 12:18:02 INFO  no build target found for /mnt/c/Users/Admin/Documents/Laboratorio2(TO)/Persona.java. Using fallback presentation compiler.[0m
2026.09.09 12:18:02 INFO  no build target found for /mnt/c/Users/Admin/Documents/Laboratorio2(TO)/Persona.java. Using fallback presentation compiler.[0m
2026.09.09 12:18:02 INFO  no build target found for /mnt/c/Users/Admin/Documents/Laboratorio2(TO)/Persona.java. Using fallback presentation compiler.[0m
2026.09.09 12:18:02 INFO  no build target found for /mnt/c/Users/Admin/Documents/Laboratorio2(TO)/Persona.java. Using fallback presentation compiler.[0m
2026.09.09 12:18:02 INFO  no build target found for /mnt/c/Users/Admin/Documents/Laboratorio2(TO)/Persona.java. Using fallback presentation compiler.[0m
2026.09.09 12:18:03 INFO  no build target found for /mnt/c/Users/Admin/Documents/Laboratorio2(TO)/Persona.java. Using fallback presentation compiler.[0m
2026.09.09 12:18:03 INFO  no build target found for /mnt/c/Users/Admin/Documents/Laboratorio2(TO)/Persona.java. Using fallback presentation compiler.[0m
2026.09.09 12:18:03 INFO  no build target found for /mnt/c/Users/Admin/Documents/Laboratorio2(TO)/Persona.java. Using fallback presentation compiler.[0m
2026.09.09 12:18:03 INFO  no build target found for /mnt/c/Users/Admin/Documents/Laboratorio2(TO)/Persona.java. Using fallback presentation compiler.[0m
2026.09.09 12:18:03 INFO  no build target found for /mnt/c/Users/Admin/Documents/Laboratorio2(TO)/Persona.java. Using fallback presentation compiler.[0m
2026.09.09 12:18:03 INFO  no build target found for /mnt/c/Users/Admin/Documents/Laboratorio2(TO)/Persona.java. Using fallback presentation compiler.[0m
2026.09.09 12:18:03 INFO  no build target found for /mnt/c/Users/Admin/Documents/Laboratorio2(TO)/Persona.java. Using fallback presentation compiler.[0m
2026.09.09 12:18:04 INFO  no build target found for /mnt/c/Users/Admin/Documents/Laboratorio2(TO)/Persona.java. Using fallback presentation compiler.[0m
2026.09.09 12:18:11 INFO  no build target found for /mnt/c/Users/Admin/Documents/Laboratorio2(TO)/Persona.java. Using fallback presentation compiler.[0m
2026.09.09 12:18:11 INFO  no build target found for /mnt/c/Users/Admin/Documents/Laboratorio2(TO)/Persona.java. Using fallback presentation compiler.[0m
Sep 09, 2026 12:18:11 PM org.eclipse.lsp4j.jsonrpc.RemoteEndpoint handleCancellation
WARNING: Unmatched cancel notification for request id 336
2026.09.09 12:18:11 INFO  no build target found for /mnt/c/Users/Admin/Documents/Laboratorio2(TO)/Persona.java. Using fallback presentation compiler.[0m
2026.09.09 12:18:11 INFO  no build target found for /mnt/c/Users/Admin/Documents/Laboratorio2(TO)/Persona.java. Using fallback presentation compiler.[0m
2026.09.09 12:18:12 INFO  no build target found for /mnt/c/Users/Admin/Documents/Laboratorio2(TO)/Persona.java. Using fallback presentation compiler.[0m
2026.09.09 12:18:12 INFO  no build target found for /mnt/c/Users/Admin/Documents/Laboratorio2(TO)/Persona.java. Using fallback presentation compiler.[0m
2026.09.09 12:18:12 INFO  no build target found for /mnt/c/Users/Admin/Documents/Laboratorio2(TO)/Persona.java. Using fallback presentation compiler.[0m
2026.09.09 12:18:12 INFO  no build target found for /mnt/c/Users/Admin/Documents/Laboratorio2(TO)/Persona.java. Using fallback presentation compiler.[0m
2026.09.09 12:18:12 INFO  no build target found for /mnt/c/Users/Admin/Documents/Laboratorio2(TO)/Persona.java. Using fallback presentation compiler.[0m
2026.09.09 12:18:12 INFO  no build target found for /mnt/c/Users/Admin/Documents/Laboratorio2(TO)/Persona.java. Using fallback presentation compiler.[0m
2026.09.09 12:18:13 INFO  no build target found for /mnt/c/Users/Admin/Documents/Laboratorio2(TO)/Persona.java. Using fallback presentation compiler.[0m
2026.09.09 12:18:13 INFO  no build target found for /mnt/c/Users/Admin/Documents/Laboratorio2(TO)/Persona.java. Using fallback presentation compiler.[0m
Sep 09, 2026 12:18:13 PM org.eclipse.lsp4j.jsonrpc.RemoteEndpoint handleCancellation
WARNING: Unmatched cancel notification for request id 356
2026.09.09 12:18:13 INFO  no build target found for /mnt/c/Users/Admin/Documents/Laboratorio2(TO)/Persona.java. Using fallback presentation compiler.[0m
2026.09.09 12:18:13 INFO  no build target found for /mnt/c/Users/Admin/Documents/Laboratorio2(TO)/Persona.java. Using fallback presentation compiler.[0m
2026.09.09 12:18:13 INFO  no build target found for /mnt/c/Users/Admin/Documents/Laboratorio2(TO)/Persona.java. Using fallback presentation compiler.[0m
2026.09.09 12:18:14 INFO  no build target found for /mnt/c/Users/Admin/Documents/Laboratorio2(TO)/Persona.java. Using fallback presentation compiler.[0m
2026.09.09 12:18:13 INFO  no build target found for /mnt/c/Users/Admin/Documents/Laboratorio2(TO)/Persona.java. Using fallback presentation compiler.[0m
2026.09.09 12:18:13 INFO  no build target found for /mnt/c/Users/Admin/Documents/Laboratorio2(TO)/Persona.java. Using fallback presentation compiler.[0m
2026.09.09 12:18:13 INFO  no build target found for /mnt/c/Users/Admin/Documents/Laboratorio2(TO)/Persona.java. Using fallback presentation compiler.[0m
2026.09.09 12:18:14 INFO  no build target found for /mnt/c/Users/Admin/Documents/Laboratorio2(TO)/Persona.java. Using fallback presentation compiler.[0m
2026.09.09 12:18:14 INFO  no build target found for /mnt/c/Users/Admin/Documents/Laboratorio2(TO)/Persona.java. Using fallback presentation compiler.[0m
Sep 09, 2026 12:18:15 PM org.eclipse.lsp4j.jsonrpc.RemoteEndpoint handleCancellation
WARNING: Unmatched cancel notification for request id 371
2026.09.09 12:18:14 INFO  no build target found for /mnt/c/Users/Admin/Documents/Laboratorio2(TO)/Persona.java. Using fallback presentation compiler.[0m
2026.09.09 12:18:14 INFO  no build target found for /mnt/c/Users/Admin/Documents/Laboratorio2(TO)/Persona.java. Using fallback presentation compiler.[0m
2026.09.09 12:18:15 INFO  no build target found for /mnt/c/Users/Admin/Documents/Laboratorio2(TO)/Persona.java. Using fallback presentation compiler.[0m
2026.09.09 12:18:14 INFO  no build target found for /mnt/c/Users/Admin/Documents/Laboratorio2(TO)/Persona.java. Using fallback presentation compiler.[0m
Sep 09, 2026 12:18:15 PM org.eclipse.lsp4j.jsonrpc.RemoteEndpoint handleCancellation
WARNING: Unmatched cancel notification for request id 376
2026.09.09 12:18:14 INFO  no build target found for /mnt/c/Users/Admin/Documents/Laboratorio2(TO)/Persona.java. Using fallback presentation compiler.[0m
2026.09.09 12:18:15 INFO  no build target found for /mnt/c/Users/Admin/Documents/Laboratorio2(TO)/Persona.java. Using fallback presentation compiler.[0m
2026.09.09 12:18:15 INFO  no build target found for /mnt/c/Users/Admin/Documents/Laboratorio2(TO)/Persona.java. Using fallback presentation compiler.[0m
2026.09.09 12:18:15 INFO  no build target found for /mnt/c/Users/Admin/Documents/Laboratorio2(TO)/Persona.java. Using fallback presentation compiler.[0m
2026.09.09 12:18:16 INFO  no build target found for /mnt/c/Users/Admin/Documents/Laboratorio2(TO)/Persona.java. Using fallback presentation compiler.[0m
2026.09.09 12:18:22 WARN  Running javac-semanticdb failed for file:///mnt/c/Users/Admin/Documents/Laboratorio2(TO)/Persona.java. Output:
[0m
2026.09.09 12:18:22 INFO  no build target found for /mnt/c/Users/Admin/Documents/Laboratorio2(TO)/Persona.java. Using fallback presentation compiler.[0m
2026.09.09 12:18:23 INFO  no build target found for /mnt/c/Users/Admin/Documents/Laboratorio2(TO)/Persona.java. Using fallback presentation compiler.[0m
2026.09.09 12:18:22 INFO  no build target found for /mnt/c/Users/Admin/Documents/Laboratorio2(TO)/Persona.java. Using fallback presentation compiler.[0m
2026.09.09 12:18:23 INFO  no build target found for /mnt/c/Users/Admin/Documents/Laboratorio2(TO)/Persona.java. Using fallback presentation compiler.[0m
2026.09.09 12:18:25 WARN  Running javac-semanticdb failed for file:///mnt/c/Users/Admin/Documents/Laboratorio2(TO)/Persona.java. Output:
[0m
2026.09.09 12:19:33 INFO  no build target found for /mnt/c/Users/Admin/Documents/Laboratorio2(TO)/Persona.java. Using fallback presentation compiler.[0m
2026.09.09 12:19:33 INFO  no build target found for /mnt/c/Users/Admin/Documents/Laboratorio2(TO)/Persona.java. Using fallback presentation compiler.[0m
2026.09.09 12:19:33 INFO  no build target found for /mnt/c/Users/Admin/Documents/Laboratorio2(TO)/Persona.java. Using fallback presentation compiler.[0m
2026.09.09 12:19:33 INFO  no build target found for /mnt/c/Users/Admin/Documents/Laboratorio2(TO)/Persona.java. Using fallback presentation compiler.[0m
2026.09.09 12:19:34 INFO  no build target found for /mnt/c/Users/Admin/Documents/Laboratorio2(TO)/Persona.java. Using fallback presentation compiler.[0m
2026.09.09 12:19:34 INFO  no build target found for /mnt/c/Users/Admin/Documents/Laboratorio2(TO)/Persona.java. Using fallback presentation compiler.[0m
2026.09.09 12:19:34 INFO  no build target found for /mnt/c/Users/Admin/Documents/Laboratorio2(TO)/Persona.java. Using fallback presentation compiler.[0m
2026.09.09 12:19:34 INFO  no build target found for /mnt/c/Users/Admin/Documents/Laboratorio2(TO)/Persona.java. Using fallback presentation compiler.[0m
2026.09.09 12:19:34 INFO  no build target found for /mnt/c/Users/Admin/Documents/Laboratorio2(TO)/Persona.java. Using fallback presentation compiler.[0m
2026.09.09 12:19:34 INFO  no build target found for /mnt/c/Users/Admin/Documents/Laboratorio2(TO)/Persona.java. Using fallback presentation compiler.[0m
2026.09.09 12:19:35 INFO  no build target found for /mnt/c/Users/Admin/Documents/Laboratorio2(TO)/Persona.java. Using fallback presentation compiler.[0m
2026.09.09 12:19:34 INFO  no build target found for /mnt/c/Users/Admin/Documents/Laboratorio2(TO)/Persona.java. Using fallback presentation compiler.[0m
Sep 09, 2026 12:19:35 PM org.eclipse.lsp4j.jsonrpc.RemoteEndpoint handleCancellation
WARNING: Unmatched cancel notification for request id 419
2026.09.09 12:19:34 INFO  no build target found for /mnt/c/Users/Admin/Documents/Laboratorio2(TO)/Persona.java. Using fallback presentation compiler.[0m
2026.09.09 12:19:35 INFO  no build target found for /mnt/c/Users/Admin/Documents/Laboratorio2(TO)/Persona.java. Using fallback presentation compiler.[0m
2026.09.09 12:19:36 INFO  no build target found for /mnt/c/Users/Admin/Documents/Laboratorio2(TO)/Persona.java. Using fallback presentation compiler.[0m
2026.09.09 12:19:36 INFO  no build target found for /mnt/c/Users/Admin/Documents/Laboratorio2(TO)/Persona.java. Using fallback presentation compiler.[0m
2026.09.09 12:19:36 INFO  no build target found for /mnt/c/Users/Admin/Documents/Laboratorio2(TO)/Persona.java. Using fallback presentation compiler.[0m
2026.09.09 12:19:36 INFO  no build target found for /mnt/c/Users/Admin/Documents/Laboratorio2(TO)/Persona.java. Using fallback presentation compiler.[0m
2026.09.09 12:19:37 INFO  no build target found for /mnt/c/Users/Admin/Documents/Laboratorio2(TO)/Persona.java. Using fallback presentation compiler.[0m
2026.09.09 12:19:37 INFO  no build target found for /mnt/c/Users/Admin/Documents/Laboratorio2(TO)/Persona.java. Using fallback presentation compiler.[0m
2026.09.09 12:19:37 INFO  no build target found for /mnt/c/Users/Admin/Documents/Laboratorio2(TO)/Persona.java. Using fallback presentation compiler.[0m
2026.09.09 12:19:37 INFO  no build target found for /mnt/c/Users/Admin/Documents/Laboratorio2(TO)/Persona.java. Using fallback presentation compiler.[0m
2026.09.09 12:19:37 INFO  no build target found for /mnt/c/Users/Admin/Documents/Laboratorio2(TO)/Persona.java. Using fallback presentation compiler.[0m
2026.09.09 12:19:38 INFO  no build target found for /mnt/c/Users/Admin/Documents/Laboratorio2(TO)/Persona.java. Using fallback presentation compiler.[0m
2026.09.09 12:19:37 INFO  no build target found for /mnt/c/Users/Admin/Documents/Laboratorio2(TO)/Persona.java. Using fallback presentation compiler.[0m
2026.09.09 12:19:37 INFO  no build target found for /mnt/c/Users/Admin/Documents/Laboratorio2(TO)/Persona.java. Using fallback presentation compiler.[0m
2026.09.09 12:19:38 INFO  no build target found for /mnt/c/Users/Admin/Documents/Laboratorio2(TO)/Persona.java. Using fallback presentation compiler.[0m
2026.09.09 12:19:37 INFO  no build target found for /mnt/c/Users/Admin/Documents/Laboratorio2(TO)/Persona.java. Using fallback presentation compiler.[0m
2026.09.09 12:19:38 INFO  no build target found for /mnt/c/Users/Admin/Documents/Laboratorio2(TO)/Persona.java. Using fallback presentation compiler.[0m
2026.09.09 12:19:38 INFO  no build target found for /mnt/c/Users/Admin/Documents/Laboratorio2(TO)/Persona.java. Using fallback presentation compiler.[0m
2026.09.09 12:19:38 INFO  no build target found for /mnt/c/Users/Admin/Documents/Laboratorio2(TO)/Persona.java. Using fallback presentation compiler.[0m
Sep 09, 2026 12:19:39 PM org.eclipse.lsp4j.jsonrpc.RemoteEndpoint handleCancellation
WARNING: Unmatched cancel notification for request id 455
2026.09.09 12:19:38 INFO  no build target found for /mnt/c/Users/Admin/Documents/Laboratorio2(TO)/Persona.java. Using fallback presentation compiler.[0m
2026.09.09 12:19:38 INFO  no build target found for /mnt/c/Users/Admin/Documents/Laboratorio2(TO)/Persona.java. Using fallback presentation compiler.[0m
2026.09.09 12:19:39 INFO  no build target found for /mnt/c/Users/Admin/Documents/Laboratorio2(TO)/Persona.java. Using fallback presentation compiler.[0m
2026.09.09 12:19:38 INFO  no build target found for /mnt/c/Users/Admin/Documents/Laboratorio2(TO)/Persona.java. Using fallback presentation compiler.[0m
2026.09.09 12:19:38 INFO  no build target found for /mnt/c/Users/Admin/Documents/Laboratorio2(TO)/Persona.java. Using fallback presentation compiler.[0m
2026.09.09 12:19:39 INFO  no build target found for /mnt/c/Users/Admin/Documents/Laboratorio2(TO)/Persona.java. Using fallback presentation compiler.[0m
2026.09.09 12:19:39 INFO  no build target found for /mnt/c/Users/Admin/Documents/Laboratorio2(TO)/Persona.java. Using fallback presentation compiler.[0m
2026.09.09 12:19:39 INFO  no build target found for /mnt/c/Users/Admin/Documents/Laboratorio2(TO)/Persona.java. Using fallback presentation compiler.[0m
2026.09.09 12:19:39 INFO  no build target found for /mnt/c/Users/Admin/Documents/Laboratorio2(TO)/Persona.java. Using fallback presentation compiler.[0m
2026.09.09 12:19:39 INFO  no build target found for /mnt/c/Users/Admin/Documents/Laboratorio2(TO)/Persona.java. Using fallback presentation compiler.[0m
2026.09.09 12:19:39 INFO  no build target found for /mnt/c/Users/Admin/Documents/Laboratorio2(TO)/Persona.java. Using fallback presentation compiler.[0m
2026.09.09 12:19:39 INFO  no build target found for /mnt/c/Users/Admin/Documents/Laboratorio2(TO)/Persona.java. Using fallback presentation compiler.[0m
2026.09.09 12:19:39 INFO  no build target found for /mnt/c/Users/Admin/Documents/Laboratorio2(TO)/Persona.java. Using fallback presentation compiler.[0m
2026.09.09 12:19:40 INFO  no build target found for /mnt/c/Users/Admin/Documents/Laboratorio2(TO)/Persona.java. Using fallback presentation compiler.[0m
2026.09.09 12:19:40 INFO  no build target found for /mnt/c/Users/Admin/Documents/Laboratorio2(TO)/Persona.java. Using fallback presentation compiler.[0m
2026.09.09 12:19:40 INFO  no build target found for /mnt/c/Users/Admin/Documents/Laboratorio2(TO)/Persona.java. Using fallback presentation compiler.[0m
2026.09.09 12:19:40 INFO  no build target found for /mnt/c/Users/Admin/Documents/Laboratorio2(TO)/Persona.java. Using fallback presentation compiler.[0m
2026.09.09 12:19:40 INFO  no build target found for /mnt/c/Users/Admin/Documents/Laboratorio2(TO)/Persona.java. Using fallback presentation compiler.[0m
2026.09.09 12:19:40 INFO  no build target found for /mnt/c/Users/Admin/Documents/Laboratorio2(TO)/Persona.java. Using fallback presentation compiler.[0m
2026.09.09 12:19:40 INFO  no build target found for /mnt/c/Users/Admin/Documents/Laboratorio2(TO)/Persona.java. Using fallback presentation compiler.[0m
2026.09.09 12:19:41 INFO  no build target found for /mnt/c/Users/Admin/Documents/Laboratorio2(TO)/Persona.java. Using fallback presentation compiler.[0m
2026.09.09 12:19:40 INFO  no build target found for /mnt/c/Users/Admin/Documents/Laboratorio2(TO)/Persona.java. Using fallback presentation compiler.[0m
2026.09.09 12:19:41 INFO  no build target found for /mnt/c/Users/Admin/Documents/Laboratorio2(TO)/Persona.java. Using fallback presentation compiler.[0m
2026.09.09 12:19:41 INFO  no build target found for /mnt/c/Users/Admin/Documents/Laboratorio2(TO)/Persona.java. Using fallback presentation compiler.[0m
2026.09.09 12:19:41 INFO  no build target found for /mnt/c/Users/Admin/Documents/Laboratorio2(TO)/Persona.java. Using fallback presentation compiler.[0m
2026.09.09 12:19:41 INFO  no build target found for /mnt/c/Users/Admin/Documents/Laboratorio2(TO)/Persona.java. Using fallback presentation compiler.[0m
2026.09.09 12:19:41 INFO  no build target found for /mnt/c/Users/Admin/Documents/Laboratorio2(TO)/Persona.java. Using fallback presentation compiler.[0m
2026.09.09 12:19:42 INFO  no build target found for /mnt/c/Users/Admin/Documents/Laboratorio2(TO)/Persona.java. Using fallback presentation compiler.[0m
2026.09.09 12:19:41 INFO  no build target found for /mnt/c/Users/Admin/Documents/Laboratorio2(TO)/Persona.java. Using fallback presentation compiler.[0m
2026.09.09 12:19:41 INFO  no build target found for /mnt/c/Users/Admin/Documents/Laboratorio2(TO)/Persona.java. Using fallback presentation compiler.[0m
2026.09.09 12:19:42 INFO  no build target found for /mnt/c/Users/Admin/Documents/Laboratorio2(TO)/Persona.java. Using fallback presentation compiler.[0m
2026.09.09 12:19:42 INFO  no build target found for /mnt/c/Users/Admin/Documents/Laboratorio2(TO)/Persona.java. Using fallback presentation compiler.[0m
2026.09.09 12:19:42 INFO  no build target found for /mnt/c/Users/Admin/Documents/Laboratorio2(TO)/Persona.java. Using fallback presentation compiler.[0m
2026.09.09 12:19:43 INFO  no build target found for /mnt/c/Users/Admin/Documents/Laboratorio2(TO)/Persona.java. Using fallback presentation compiler.[0m
2026.09.09 12:19:44 INFO  no build target found for /mnt/c/Users/Admin/Documents/Laboratorio2(TO)/Persona.java. Using fallback presentation compiler.[0m
2026.09.09 12:19:43 INFO  no build target found for /mnt/c/Users/Admin/Documents/Laboratorio2(TO)/Persona.java. Using fallback presentation compiler.[0m
2026.09.09 12:19:43 INFO  no build target found for /mnt/c/Users/Admin/Documents/Laboratorio2(TO)/Persona.java. Using fallback presentation compiler.[0m
2026.09.09 12:19:44 INFO  no build target found for /mnt/c/Users/Admin/Documents/Laboratorio2(TO)/Persona.java. Using fallback presentation compiler.[0m
2026.09.09 12:19:45 INFO  no build target found for /mnt/c/Users/Admin/Documents/Laboratorio2(TO)/Persona.java. Using fallback presentation compiler.[0m
2026.09.09 12:19:45 WARN  Running javac-semanticdb failed for file:///mnt/c/Users/Admin/Documents/Laboratorio2(TO)/Persona.java. Output:
[0m
2026.09.09 12:19:45 INFO  no build target found for /mnt/c/Users/Admin/Documents/Laboratorio2(TO)/Persona.java. Using fallback presentation compiler.[0m
2026.09.09 12:19:45 INFO  no build target found for /mnt/c/Users/Admin/Documents/Laboratorio2(TO)/Persona.java. Using fallback presentation compiler.[0m
2026.09.09 12:19:46 INFO  no build target found for /mnt/c/Users/Admin/Documents/Laboratorio2(TO)/Persona.java. Using fallback presentation compiler.[0m
2026.09.09 12:19:46 INFO  no build target found for /mnt/c/Users/Admin/Documents/Laboratorio2(TO)/Persona.java. Using fallback presentation compiler.[0m
2026.09.09 12:19:47 WARN  Running javac-semanticdb failed for file:///mnt/c/Users/Admin/Documents/Laboratorio2(TO)/Persona.java. Output:
[0m
2026.09.09 12:19:46 INFO  no build target found for /mnt/c/Users/Admin/Documents/Laboratorio2(TO)/Persona.java. Using fallback presentation compiler.[0m
2026.09.09 12:19:47 INFO  no build target found for /mnt/c/Users/Admin/Documents/Laboratorio2(TO)/Persona.java. Using fallback presentation compiler.[0m
2026.09.09 12:19:47 INFO  no build target found for /mnt/c/Users/Admin/Documents/Laboratorio2(TO)/Persona.java. Using fallback presentation compiler.[0m
2026.09.09 12:19:47 INFO  no build target found for /mnt/c/Users/Admin/Documents/Laboratorio2(TO)/Persona.java. Using fallback presentation compiler.[0m
2026.09.09 12:19:47 INFO  no build target found for /mnt/c/Users/Admin/Documents/Laboratorio2(TO)/Persona.java. Using fallback presentation compiler.[0m
2026.09.09 12:19:47 INFO  no build target found for /mnt/c/Users/Admin/Documents/Laboratorio2(TO)/Persona.java. Using fallback presentation compiler.[0m
2026.09.09 12:19:47 INFO  no build target found for /mnt/c/Users/Admin/Documents/Laboratorio2(TO)/Persona.java. Using fallback presentation compiler.[0m
2026.09.09 12:19:48 INFO  no build target found for /mnt/c/Users/Admin/Documents/Laboratorio2(TO)/Persona.java. Using fallback presentation compiler.[0m
2026.09.09 12:19:48 INFO  no build target found for /mnt/c/Users/Admin/Documents/Laboratorio2(TO)/Persona.java. Using fallback presentation compiler.[0m
2026.09.09 12:19:49 INFO  no build target found for /mnt/c/Users/Admin/Documents/Laboratorio2(TO)/Persona.java. Using fallback presentation compiler.[0m
2026.09.09 12:19:49 WARN  Running javac-semanticdb failed for file:///mnt/c/Users/Admin/Documents/Laboratorio2(TO)/Persona.java. Output:
[0m
2026.09.09 12:19:50 INFO  no build target found for /mnt/c/Users/Admin/Documents/Laboratorio2(TO)/Persona.java. Using fallback presentation compiler.[0m
2026.09.09 12:19:50 INFO  no build target found for /mnt/c/Users/Admin/Documents/Laboratorio2(TO)/Persona.java. Using fallback presentation compiler.[0m
2026.09.09 12:19:50 INFO  no build target found for /mnt/c/Users/Admin/Documents/Laboratorio2(TO)/Persona.java. Using fallback presentation compiler.[0m
2026.09.09 12:19:50 INFO  no build target found for /mnt/c/Users/Admin/Documents/Laboratorio2(TO)/Persona.java. Using fallback presentation compiler.[0m
2026.09.09 12:19:51 WARN  Running javac-semanticdb failed for file:///mnt/c/Users/Admin/Documents/Laboratorio2(TO)/Persona.java. Output:
[0m
2026.09.09 12:19:50 INFO  no build target found for /mnt/c/Users/Admin/Documents/Laboratorio2(TO)/Persona.java. Using fallback presentation compiler.[0m
Sep 09, 2026 12:19:51 PM org.eclipse.lsp4j.jsonrpc.RemoteEndpoint handleCancellation
WARNING: Unmatched cancel notification for request id 569
2026.09.09 12:19:50 INFO  no build target found for /mnt/c/Users/Admin/Documents/Laboratorio2(TO)/Persona.java. Using fallback presentation compiler.[0m
2026.09.09 12:19:50 INFO  no build target found for /mnt/c/Users/Admin/Documents/Laboratorio2(TO)/Persona.java. Using fallback presentation compiler.[0m
Sep 09, 2026 12:19:51 PM org.eclipse.lsp4j.jsonrpc.RemoteEndpoint handleCancellation
WARNING: Unmatched cancel notification for request id 570
Sep 09, 2026 12:19:51 PM org.eclipse.lsp4j.jsonrpc.RemoteEndpoint handleCancellation
WARNING: Unmatched cancel notification for request id 571
Sep 09, 2026 12:19:51 PM org.eclipse.lsp4j.jsonrpc.RemoteEndpoint handleCancellation
WARNING: Unmatched cancel notification for request id 572
2026.09.09 12:19:51 INFO  no build target found for /mnt/c/Users/Admin/Documents/Laboratorio2(TO)/Persona.java. Using fallback presentation compiler.[0m
2026.09.09 12:19:51 INFO  no build target found for /mnt/c/Users/Admin/Documents/Laboratorio2(TO)/Persona.java. Using fallback presentation compiler.[0m
Sep 09, 2026 12:19:51 PM org.eclipse.lsp4j.jsonrpc.RemoteEndpoint handleCancellation
WARNING: Unmatched cancel notification for request id 573
2026.09.09 12:19:51 INFO  no build target found for /mnt/c/Users/Admin/Documents/Laboratorio2(TO)/Persona.java. Using fallback presentation compiler.[0m
2026.09.09 12:19:51 INFO  no build target found for /mnt/c/Users/Admin/Documents/Laboratorio2(TO)/Persona.java. Using fallback presentation compiler.[0m
2026.09.09 12:19:51 INFO  no build target found for /mnt/c/Users/Admin/Documents/Laboratorio2(TO)/Persona.java. Using fallback presentation compiler.[0m
2026.09.09 12:19:51 WARN  Running javac-semanticdb failed for file:///mnt/c/Users/Admin/Documents/Laboratorio2(TO)/Persona.java. Output:
[0m
2026.09.09 12:19:52 INFO  no build target found for /mnt/c/Users/Admin/Documents/Laboratorio2(TO)/Persona.java. Using fallback presentation compiler.[0m
2026.09.09 12:19:51 INFO  no build target found for /mnt/c/Users/Admin/Documents/Laboratorio2(TO)/Persona.java. Using fallback presentation compiler.[0m
2026.09.09 12:19:51 INFO  no build target found for /mnt/c/Users/Admin/Documents/Laboratorio2(TO)/Persona.java. Using fallback presentation compiler.[0m
2026.09.09 12:19:52 INFO  no build target found for /mnt/c/Users/Admin/Documents/Laboratorio2(TO)/Persona.java. Using fallback presentation compiler.[0m
2026.09.09 12:19:51 INFO  no build target found for /mnt/c/Users/Admin/Documents/Laboratorio2(TO)/Persona.java. Using fallback presentation compiler.[0m
2026.09.09 12:19:52 WARN  Running javac-semanticdb failed for file:///mnt/c/Users/Admin/Documents/Laboratorio2(TO)/Persona.java. Output:
[0m
2026.09.09 12:19:53 INFO  no build target found for /mnt/c/Users/Admin/Documents/Laboratorio2(TO)/Persona.java. Using fallback presentation compiler.[0m
2026.09.09 12:19:53 INFO  no build target found for /mnt/c/Users/Admin/Documents/Laboratorio2(TO)/Persona.java. Using fallback presentation compiler.[0m
2026.09.09 12:19:53 INFO  no build target found for /mnt/c/Users/Admin/Documents/Laboratorio2(TO)/Persona.java. Using fallback presentation compiler.[0m
2026.09.09 12:19:53 INFO  no build target found for /mnt/c/Users/Admin/Documents/Laboratorio2(TO)/Persona.java. Using fallback presentation compiler.[0m
2026.09.09 12:19:53 INFO  no build target found for /mnt/c/Users/Admin/Documents/Laboratorio2(TO)/Persona.java. Using fallback presentation compiler.[0m
2026.09.09 12:19:53 WARN  Running javac-semanticdb failed for file:///mnt/c/Users/Admin/Documents/Laboratorio2(TO)/Persona.java. Output:
[0m
2026.09.09 12:19:53 INFO  no build target found for /mnt/c/Users/Admin/Documents/Laboratorio2(TO)/Persona.java. Using fallback presentation compiler.[0m
2026.09.09 12:19:53 INFO  no build target found for /mnt/c/Users/Admin/Documents/Laboratorio2(TO)/Persona.java. Using fallback presentation compiler.[0m
Sep 09, 2026 12:19:54 PM org.eclipse.lsp4j.jsonrpc.RemoteEndpoint handleCancellation
WARNING: Unmatched cancel notification for request id 604
2026.09.09 12:19:54 INFO  no build target found for /mnt/c/Users/Admin/Documents/Laboratorio2(TO)/Persona.java. Using fallback presentation compiler.[0m
2026.09.09 12:19:54 INFO  no build target found for /mnt/c/Users/Admin/Documents/Laboratorio2(TO)/Persona.java. Using fallback presentation compiler.[0m
2026.09.09 12:19:54 INFO  no build target found for /mnt/c/Users/Admin/Documents/Laboratorio2(TO)/Persona.java. Using fallback presentation compiler.[0m
2026.09.09 12:19:54 INFO  no build target found for /mnt/c/Users/Admin/Documents/Laboratorio2(TO)/Persona.java. Using fallback presentation compiler.[0m
2026.09.09 12:19:54 INFO  no build target found for /mnt/c/Users/Admin/Documents/Laboratorio2(TO)/Persona.java. Using fallback presentation compiler.[0m
2026.09.09 12:19:54 INFO  no build target found for /mnt/c/Users/Admin/Documents/Laboratorio2(TO)/Persona.java. Using fallback presentation compiler.[0m
2026.09.09 12:19:54 INFO  no build target found for /mnt/c/Users/Admin/Documents/Laboratorio2(TO)/Persona.java. Using fallback presentation compiler.[0m
2026.09.09 12:19:54 WARN  Running javac-semanticdb failed for file:///mnt/c/Users/Admin/Documents/Laboratorio2(TO)/Persona.java. Output:
[0m
2026.09.09 12:19:54 INFO  no build target found for /mnt/c/Users/Admin/Documents/Laboratorio2(TO)/Persona.java. Using fallback presentation compiler.[0m
2026.09.09 12:19:55 INFO  no build target found for /mnt/c/Users/Admin/Documents/Laboratorio2(TO)/Persona.java. Using fallback presentation compiler.[0m
2026.09.09 12:19:55 INFO  no build target found for /mnt/c/Users/Admin/Documents/Laboratorio2(TO)/Persona.java. Using fallback presentation compiler.[0m
2026.09.09 12:19:55 WARN  Running javac-semanticdb failed for file:///mnt/c/Users/Admin/Documents/Laboratorio2(TO)/Persona.java. Output:
[0m
2026.09.09 12:19:55 INFO  no build target found for /mnt/c/Users/Admin/Documents/Laboratorio2(TO)/Persona.java. Using fallback presentation compiler.[0m
2026.09.09 12:19:56 INFO  no build target found for /mnt/c/Users/Admin/Documents/Laboratorio2(TO)/Persona.java. Using fallback presentation compiler.[0m
2026.09.09 12:19:56 INFO  no build target found for /mnt/c/Users/Admin/Documents/Laboratorio2(TO)/Persona.java. Using fallback presentation compiler.[0m
2026.09.09 12:19:57 WARN  Running javac-semanticdb failed for file:///mnt/c/Users/Admin/Documents/Laboratorio2(TO)/Persona.java. Output:
[0m
2026.09.09 12:19:57 INFO  no build target found for /mnt/c/Users/Admin/Documents/Laboratorio2(TO)/Persona.java. Using fallback presentation compiler.[0m
2026.09.09 12:19:56 INFO  no build target found for /mnt/c/Users/Admin/Documents/Laboratorio2(TO)/Persona.java. Using fallback presentation compiler.[0m
2026.09.09 12:19:57 WARN  Running javac-semanticdb failed for file:///mnt/c/Users/Admin/Documents/Laboratorio2(TO)/Persona.java. Output:
[0m
2026.09.09 12:19:57 INFO  no build target found for /mnt/c/Users/Admin/Documents/Laboratorio2(TO)/Persona.java. Using fallback presentation compiler.[0m
2026.09.09 12:20:05 INFO  no build target found for /mnt/c/Users/Admin/Documents/Laboratorio2(TO)/Persona.java. Using fallback presentation compiler.[0m
2026.09.09 12:20:05 INFO  no build target found for /mnt/c/Users/Admin/Documents/Laboratorio2(TO)/Persona.java. Using fallback presentation compiler.[0m
2026.09.09 12:20:05 INFO  no build target found for /mnt/c/Users/Admin/Documents/Laboratorio2(TO)/Persona.java. Using fallback presentation compiler.[0m
2026.09.09 12:20:05 INFO  no build target found for /mnt/c/Users/Admin/Documents/Laboratorio2(TO)/Persona.java. Using fallback presentation compiler.[0m
2026.09.09 12:20:05 WARN  Running javac-semanticdb failed for file:///mnt/c/Users/Admin/Documents/Laboratorio2(TO)/Persona.java. Output:
[0m
2026.09.09 12:20:05 INFO  no build target found for /mnt/c/Users/Admin/Documents/Laboratorio2(TO)/Persona.java. Using fallback presentation compiler.[0m
2026.09.09 12:20:05 INFO  no build target found for /mnt/c/Users/Admin/Documents/Laboratorio2(TO)/Persona.java. Using fallback presentation compiler.[0m
2026.09.09 12:20:05 INFO  no build target found for /mnt/c/Users/Admin/Documents/Laboratorio2(TO)/Persona.java. Using fallback presentation compiler.[0m
2026.09.09 12:20:05 INFO  no build target found for /mnt/c/Users/Admin/Documents/Laboratorio2(TO)/Persona.java. Using fallback presentation compiler.[0m
2026.09.09 12:20:05 INFO  no build target found for /mnt/c/Users/Admin/Documents/Laboratorio2(TO)/Persona.java. Using fallback presentation compiler.[0m
2026.09.09 12:20:06 WARN  Running javac-semanticdb failed for file:///mnt/c/Users/Admin/Documents/Laboratorio2(TO)/Persona.java. Output:
[0m
2026.09.09 12:20:07 INFO  no build target found for /mnt/c/Users/Admin/Documents/Laboratorio2(TO)/Persona.java. Using fallback presentation compiler.[0m
2026.09.09 12:20:07 INFO  no build target found for /mnt/c/Users/Admin/Documents/Laboratorio2(TO)/Persona.java. Using fallback presentation compiler.[0m
2026.09.09 12:20:07 INFO  no build target found for /mnt/c/Users/Admin/Documents/Laboratorio2(TO)/Persona.java. Using fallback presentation compiler.[0m
2026.09.09 12:20:07 INFO  no build target found for /mnt/c/Users/Admin/Documents/Laboratorio2(TO)/Persona.java. Using fallback presentation compiler.[0m
2026.09.09 12:20:07 INFO  no build target found for /mnt/c/Users/Admin/Documents/Laboratorio2(TO)/Persona.java. Using fallback presentation compiler.[0m
2026.09.09 12:20:07 INFO  no build target found for /mnt/c/Users/Admin/Documents/Laboratorio2(TO)/Persona.java. Using fallback presentation compiler.[0m
2026.09.09 12:20:07 INFO  no build target found for /mnt/c/Users/Admin/Documents/Laboratorio2(TO)/Persona.java. Using fallback presentation compiler.[0m
2026.09.09 12:20:07 INFO  no build target found for /mnt/c/Users/Admin/Documents/Laboratorio2(TO)/Persona.java. Using fallback presentation compiler.[0m
2026.09.09 12:20:07 INFO  no build target found for /mnt/c/Users/Admin/Documents/Laboratorio2(TO)/Persona.java. Using fallback presentation compiler.[0m
2026.09.09 12:20:08 WARN  Running javac-semanticdb failed for file:///mnt/c/Users/Admin/Documents/Laboratorio2(TO)/Persona.java. Output:
[0m
2026.09.09 12:20:08 INFO  no build target found for /mnt/c/Users/Admin/Documents/Laboratorio2(TO)/Persona.java. Using fallback presentation compiler.[0m
2026.09.09 12:20:08 INFO  no build target found for /mnt/c/Users/Admin/Documents/Laboratorio2(TO)/Persona.java. Using fallback presentation compiler.[0m
2026.09.09 12:20:08 WARN  Running javac-semanticdb failed for file:///mnt/c/Users/Admin/Documents/Laboratorio2(TO)/Persona.java. Output:
[0m
2026.09.09 12:21:15 INFO  no build target found for /mnt/c/Users/Admin/Documents/Laboratorio2(TO)/Persona.java. Using fallback presentation compiler.[0m
2026.09.09 12:21:15 INFO  no build target found for /mnt/c/Users/Admin/Documents/Laboratorio2(TO)/Persona.java. Using fallback presentation compiler.[0m
2026.09.09 12:21:15 INFO  no build target found for /mnt/c/Users/Admin/Documents/Laboratorio2(TO)/Persona.java. Using fallback presentation compiler.[0m
Sep 09, 2026 12:21:15 PM org.eclipse.lsp4j.jsonrpc.RemoteEndpoint handleCancellation
WARNING: Unmatched cancel notification for request id 688
2026.09.09 12:21:15 INFO  no build target found for /mnt/c/Users/Admin/Documents/Laboratorio2(TO)/Persona.java. Using fallback presentation compiler.[0m
2026.09.09 12:21:15 INFO  no build target found for /mnt/c/Users/Admin/Documents/Laboratorio2(TO)/Persona.java. Using fallback presentation compiler.[0m
2026.09.09 12:21:16 WARN  Running javac-semanticdb failed for file:///mnt/c/Users/Admin/Documents/Laboratorio2(TO)/Persona.java. Output:
[0m
2026.09.09 12:21:16 INFO  no build target found for /mnt/c/Users/Admin/Documents/Laboratorio2(TO)/Persona.java. Using fallback presentation compiler.[0m
2026.09.09 12:21:15 INFO  no build target found for /mnt/c/Users/Admin/Documents/Laboratorio2(TO)/Persona.java. Using fallback presentation compiler.[0m
2026.09.09 12:21:16 INFO  no build target found for /mnt/c/Users/Admin/Documents/Laboratorio2(TO)/Persona.java. Using fallback presentation compiler.[0m
2026.09.09 12:21:16 INFO  no build target found for /mnt/c/Users/Admin/Documents/Laboratorio2(TO)/Persona.java. Using fallback presentation compiler.[0m
2026.09.09 12:21:16 INFO  no build target found for /mnt/c/Users/Admin/Documents/Laboratorio2(TO)/Persona.java. Using fallback presentation compiler.[0m
2026.09.09 12:21:16 INFO  no build target found for /mnt/c/Users/Admin/Documents/Laboratorio2(TO)/Persona.java. Using fallback presentation compiler.[0m
2026.09.09 12:21:17 INFO  no build target found for /mnt/c/Users/Admin/Documents/Laboratorio2(TO)/Persona.java. Using fallback presentation compiler.[0m
2026.09.09 12:21:16 INFO  no build target found for /mnt/c/Users/Admin/Documents/Laboratorio2(TO)/Persona.java. Using fallback presentation compiler.[0m
2026.09.09 12:21:17 INFO  no build target found for /mnt/c/Users/Admin/Documents/Laboratorio2(TO)/Persona.java. Using fallback presentation compiler.[0m
2026.09.09 12:21:16 INFO  no build target found for /mnt/c/Users/Admin/Documents/Laboratorio2(TO)/Persona.java. Using fallback presentation compiler.[0m
2026.09.09 12:21:17 WARN  Running javac-semanticdb failed for file:///mnt/c/Users/Admin/Documents/Laboratorio2(TO)/Persona.java. Output:
[0m
2026.09.09 12:21:18 INFO  no build target found for /mnt/c/Users/Admin/Documents/Laboratorio2(TO)/Persona.java. Using fallback presentation compiler.[0m
2026.09.09 12:21:18 INFO  no build target found for /mnt/c/Users/Admin/Documents/Laboratorio2(TO)/Persona.java. Using fallback presentation compiler.[0m
2026.09.09 12:21:18 INFO  no build target found for /mnt/c/Users/Admin/Documents/Laboratorio2(TO)/Persona.java. Using fallback presentation compiler.[0m
2026.09.09 12:21:18 WARN  Running javac-semanticdb failed for file:///mnt/c/Users/Admin/Documents/Laboratorio2(TO)/Persona.java. Output:
[0m
2026.09.09 12:21:17 INFO  no build target found for /mnt/c/Users/Admin/Documents/Laboratorio2(TO)/Persona.java. Using fallback presentation compiler.[0m
2026.09.09 12:21:18 INFO  no build target found for /mnt/c/Users/Admin/Documents/Laboratorio2(TO)/Persona.java. Using fallback presentation compiler.[0m
2026.09.09 12:21:19 INFO  no build target found for /mnt/c/Users/Admin/Documents/Laboratorio2(TO)/Persona.java. Using fallback presentation compiler.[0m
2026.09.09 12:21:19 INFO  no build target found for /mnt/c/Users/Admin/Documents/Laboratorio2(TO)/Persona.java. Using fallback presentation compiler.[0m
2026.09.09 12:21:19 INFO  no build target found for /mnt/c/Users/Admin/Documents/Laboratorio2(TO)/Persona.java. Using fallback presentation compiler.[0m
2026.09.09 12:21:19 WARN  Running javac-semanticdb failed for file:///mnt/c/Users/Admin/Documents/Laboratorio2(TO)/Persona.java. Output:
[0m
2026.09.09 12:21:20 INFO  no build target found for /mnt/c/Users/Admin/Documents/Laboratorio2(TO)/Persona.java. Using fallback presentation compiler.[0m
2026.09.09 12:21:20 INFO  no build target found for /mnt/c/Users/Admin/Documents/Laboratorio2(TO)/Persona.java. Using fallback presentation compiler.[0m
2026.09.09 12:21:20 INFO  no build target found for /mnt/c/Users/Admin/Documents/Laboratorio2(TO)/Persona.java. Using fallback presentation compiler.[0m
2026.09.09 12:21:21 WARN  Running javac-semanticdb failed for file:///mnt/c/Users/Admin/Documents/Laboratorio2(TO)/Persona.java. Output:
[0m
2026.09.09 12:21:20 INFO  no build target found for /mnt/c/Users/Admin/Documents/Laboratorio2(TO)/Persona.java. Using fallback presentation compiler.[0m
2026.09.09 12:21:21 INFO  no build target found for /mnt/c/Users/Admin/Documents/Laboratorio2(TO)/Persona.java. Using fallback presentation compiler.[0m
2026.09.09 12:21:21 WARN  Running javac-semanticdb failed for file:///mnt/c/Users/Admin/Documents/Laboratorio2(TO)/Persona.java. Output:
[0m
Sep 09, 2026 12:21:21 PM org.eclipse.lsp4j.jsonrpc.RemoteEndpoint handleCancellation
WARNING: Unmatched cancel notification for request id 746
2026.09.09 12:21:21 INFO  no build target found for /mnt/c/Users/Admin/Documents/Laboratorio2(TO)/Persona.java. Using fallback presentation compiler.[0m
2026.09.09 12:21:21 INFO  no build target found for /mnt/c/Users/Admin/Documents/Laboratorio2(TO)/Persona.java. Using fallback presentation compiler.[0m
2026.09.09 12:21:21 INFO  no build target found for /mnt/c/Users/Admin/Documents/Laboratorio2(TO)/Persona.java. Using fallback presentation compiler.[0m
2026.09.09 12:21:21 INFO  no build target found for /mnt/c/Users/Admin/Documents/Laboratorio2(TO)/Persona.java. Using fallback presentation compiler.[0m
2026.09.09 12:21:21 INFO  no build target found for /mnt/c/Users/Admin/Documents/Laboratorio2(TO)/Persona.java. Using fallback presentation compiler.[0m
2026.09.09 12:21:21 INFO  no build target found for /mnt/c/Users/Admin/Documents/Laboratorio2(TO)/Persona.java. Using fallback presentation compiler.[0m
2026.09.09 12:21:22 INFO  no build target found for /mnt/c/Users/Admin/Documents/Laboratorio2(TO)/Persona.java. Using fallback presentation compiler.[0m
2026.09.09 12:21:21 INFO  no build target found for /mnt/c/Users/Admin/Documents/Laboratorio2(TO)/Persona.java. Using fallback presentation compiler.[0m
2026.09.09 12:21:22 WARN  Running javac-semanticdb failed for file:///mnt/c/Users/Admin/Documents/Laboratorio2(TO)/Persona.java. Output:
[0m
2026.09.09 12:21:21 INFO  no build target found for /mnt/c/Users/Admin/Documents/Laboratorio2(TO)/Persona.java. Using fallback presentation compiler.[0m
2026.09.09 12:21:22 INFO  no build target found for /mnt/c/Users/Admin/Documents/Laboratorio2(TO)/Persona.java. Using fallback presentation compiler.[0m
2026.09.09 12:21:22 INFO  no build target found for /mnt/c/Users/Admin/Documents/Laboratorio2(TO)/Persona.java. Using fallback presentation compiler.[0m
2026.09.09 12:21:22 INFO  no build target found for /mnt/c/Users/Admin/Documents/Laboratorio2(TO)/Persona.java. Using fallback presentation compiler.[0m
2026.09.09 12:21:22 INFO  no build target found for /mnt/c/Users/Admin/Documents/Laboratorio2(TO)/Persona.java. Using fallback presentation compiler.[0m
2026.09.09 12:21:22 INFO  no build target found for /mnt/c/Users/Admin/Documents/Laboratorio2(TO)/Persona.java. Using fallback presentation compiler.[0m
2026.09.09 12:21:23 INFO  no build target found for /mnt/c/Users/Admin/Documents/Laboratorio2(TO)/Persona.java. Using fallback presentation compiler.[0m
2026.09.09 12:21:22 INFO  no build target found for /mnt/c/Users/Admin/Documents/Laboratorio2(TO)/Persona.java. Using fallback presentation compiler.[0m
2026.09.09 12:21:23 WARN  Running javac-semanticdb failed for file:///mnt/c/Users/Admin/Documents/Laboratorio2(TO)/Persona.java. Output:
[0m
2026.09.09 12:21:22 INFO  no build target found for /mnt/c/Users/Admin/Documents/Laboratorio2(TO)/Persona.java. Using fallback presentation compiler.[0m
2026.09.09 12:21:23 WARN  Running javac-semanticdb failed for file:///mnt/c/Users/Admin/Documents/Laboratorio2(TO)/Persona.java. Output:
[0m
2026.09.09 12:21:23 INFO  no build target found for /mnt/c/Users/Admin/Documents/Laboratorio2(TO)/Persona.java. Using fallback presentation compiler.[0m
Sep 09, 2026 12:21:24 PM org.eclipse.lsp4j.jsonrpc.RemoteEndpoint handleCancellation
WARNING: Unmatched cancel notification for request id 779
2026.09.09 12:21:24 INFO  no build target found for /mnt/c/Users/Admin/Documents/Laboratorio2(TO)/Persona.java. Using fallback presentation compiler.[0m
2026.09.09 12:21:24 INFO  no build target found for /mnt/c/Users/Admin/Documents/Laboratorio2(TO)/Persona.java. Using fallback presentation compiler.[0m
2026.09.09 12:21:24 WARN  Running javac-semanticdb failed for file:///mnt/c/Users/Admin/Documents/Laboratorio2(TO)/Persona.java. Output:
[0m
2026.09.09 12:21:24 INFO  no build target found for /mnt/c/Users/Admin/Documents/Laboratorio2(TO)/Persona.java. Using fallback presentation compiler.[0m
2026.09.09 12:21:24 INFO  no build target found for /mnt/c/Users/Admin/Documents/Laboratorio2(TO)/Persona.java. Using fallback presentation compiler.[0m
2026.09.09 12:21:24 INFO  no build target found for /mnt/c/Users/Admin/Documents/Laboratorio2(TO)/Persona.java. Using fallback presentation compiler.[0m
2026.09.09 12:21:24 WARN  Running javac-semanticdb failed for file:///mnt/c/Users/Admin/Documents/Laboratorio2(TO)/Persona.java. Output:
[0m
Sep 09, 2026 12:21:24 PM org.eclipse.lsp4j.jsonrpc.RemoteEndpoint handleCancellation
WARNING: Unmatched cancel notification for request id 788
2026.09.09 12:21:24 INFO  no build target found for /mnt/c/Users/Admin/Documents/Laboratorio2(TO)/Persona.java. Using fallback presentation compiler.[0m
2026.09.09 12:21:24 INFO  no build target found for /mnt/c/Users/Admin/Documents/Laboratorio2(TO)/Persona.java. Using fallback presentation compiler.[0m
2026.09.09 12:21:24 INFO  no build target found for /mnt/c/Users/Admin/Documents/Laboratorio2(TO)/Persona.java. Using fallback presentation compiler.[0m
2026.09.09 12:21:25 INFO  no build target found for /mnt/c/Users/Admin/Documents/Laboratorio2(TO)/Persona.java. Using fallback presentation compiler.[0m
2026.09.09 12:21:24 WARN  Running javac-semanticdb failed for file:///mnt/c/Users/Admin/Documents/Laboratorio2(TO)/Persona.java. Output:
[0m
2026.09.09 12:21:26 INFO  no build target found for /mnt/c/Users/Admin/Documents/Laboratorio2(TO)/Persona.java. Using fallback presentation compiler.[0m
2026.09.09 12:21:26 WARN  Running javac-semanticdb failed for file:///mnt/c/Users/Admin/Documents/Laboratorio2(TO)/Persona.java. Output:
[0m
2026.09.09 12:21:26 INFO  no build target found for /mnt/c/Users/Admin/Documents/Laboratorio2(TO)/Persona.java. Using fallback presentation compiler.[0m
2026.09.09 12:21:26 INFO  no build target found for /mnt/c/Users/Admin/Documents/Laboratorio2(TO)/Persona.java. Using fallback presentation compiler.[0m
2026.09.09 12:21:26 INFO  no build target found for /mnt/c/Users/Admin/Documents/Laboratorio2(TO)/Persona.java. Using fallback presentation compiler.[0m
2026.09.09 12:21:27 INFO  no build target found for /mnt/c/Users/Admin/Documents/Laboratorio2(TO)/Persona.java. Using fallback presentation compiler.[0m
2026.09.09 12:21:26 INFO  no build target found for /mnt/c/Users/Admin/Documents/Laboratorio2(TO)/Persona.java. Using fallback presentation compiler.[0m
2026.09.09 12:21:27 WARN  Running javac-semanticdb failed for file:///mnt/c/Users/Admin/Documents/Laboratorio2(TO)/Persona.java. Output:
[0m
2026.09.09 12:21:26 INFO  no build target found for /mnt/c/Users/Admin/Documents/Laboratorio2(TO)/Persona.java. Using fallback presentation compiler.[0m
Sep 09, 2026 12:21:27 PM org.eclipse.lsp4j.jsonrpc.RemoteEndpoint handleCancellation
WARNING: Unmatched cancel notification for request id 812
2026.09.09 12:21:27 INFO  no build target found for /mnt/c/Users/Admin/Documents/Laboratorio2(TO)/Persona.java. Using fallback presentation compiler.[0m
2026.09.09 12:21:27 INFO  no build target found for /mnt/c/Users/Admin/Documents/Laboratorio2(TO)/Persona.java. Using fallback presentation compiler.[0m
2026.09.09 12:21:27 INFO  no build target found for /mnt/c/Users/Admin/Documents/Laboratorio2(TO)/Persona.java. Using fallback presentation compiler.[0m
2026.09.09 12:21:27 WARN  Running javac-semanticdb failed for file:///mnt/c/Users/Admin/Documents/Laboratorio2(TO)/Persona.java. Output:
[0m
2026.09.09 12:21:27 INFO  no build target found for /mnt/c/Users/Admin/Documents/Laboratorio2(TO)/Persona.java. Using fallback presentation compiler.[0m
2026.09.09 12:21:27 INFO  no build target found for /mnt/c/Users/Admin/Documents/Laboratorio2(TO)/Persona.java. Using fallback presentation compiler.[0m
2026.09.09 12:21:27 INFO  no build target found for /mnt/c/Users/Admin/Documents/Laboratorio2(TO)/Persona.java. Using fallback presentation compiler.[0m
2026.09.09 12:21:27 INFO  no build target found for /mnt/c/Users/Admin/Documents/Laboratorio2(TO)/Persona.java. Using fallback presentation compiler.[0m
2026.09.09 12:21:27 INFO  no build target found for /mnt/c/Users/Admin/Documents/Laboratorio2(TO)/Persona.java. Using fallback presentation compiler.[0m
2026.09.09 12:21:27 WARN  Running javac-semanticdb failed for file:///mnt/c/Users/Admin/Documents/Laboratorio2(TO)/Persona.java. Output:
[0m
2026.09.09 12:21:28 INFO  no build target found for /mnt/c/Users/Admin/Documents/Laboratorio2(TO)/Persona.java. Using fallback presentation compiler.[0m
2026.09.09 12:21:28 INFO  no build target found for /mnt/c/Users/Admin/Documents/Laboratorio2(TO)/Persona.java. Using fallback presentation compiler.[0m
2026.09.09 12:21:28 WARN  Running javac-semanticdb failed for file:///mnt/c/Users/Admin/Documents/Laboratorio2(TO)/Persona.java. Output:
[0m
Sep 09, 2026 12:21:28 PM org.eclipse.lsp4j.jsonrpc.RemoteEndpoint handleCancellation
WARNING: Unmatched cancel notification for request id 833
2026.09.09 12:21:28 INFO  no build target found for /mnt/c/Users/Admin/Documents/Laboratorio2(TO)/Persona.java. Using fallback presentation compiler.[0m
2026.09.09 12:21:28 INFO  no build target found for /mnt/c/Users/Admin/Documents/Laboratorio2(TO)/Persona.java. Using fallback presentation compiler.[0m
2026.09.09 12:21:28 INFO  no build target found for /mnt/c/Users/Admin/Documents/Laboratorio2(TO)/Persona.java. Using fallback presentation compiler.[0m
2026.09.09 12:21:29 WARN  Running javac-semanticdb failed for file:///mnt/c/Users/Admin/Documents/Laboratorio2(TO)/Persona.java. Output:
[0m
Sep 09, 2026 12:21:29 PM org.eclipse.lsp4j.jsonrpc.RemoteEndpoint handleCancellation
WARNING: Unmatched cancel notification for request id 838
2026.09.09 12:21:28 INFO  no build target found for /mnt/c/Users/Admin/Documents/Laboratorio2(TO)/Persona.java. Using fallback presentation compiler.[0m
2026.09.09 12:21:29 INFO  no build target found for /mnt/c/Users/Admin/Documents/Laboratorio2(TO)/Persona.java. Using fallback presentation compiler.[0m
2026.09.09 12:21:28 INFO  no build target found for /mnt/c/Users/Admin/Documents/Laboratorio2(TO)/Persona.java. Using fallback presentation compiler.[0m
2026.09.09 12:21:28 INFO  no build target found for /mnt/c/Users/Admin/Documents/Laboratorio2(TO)/Persona.java. Using fallback presentation compiler.[0m
2026.09.09 12:21:28 INFO  no build target found for /mnt/c/Users/Admin/Documents/Laboratorio2(TO)/Persona.java. Using fallback presentation compiler.[0m
2026.09.09 12:21:28 INFO  no build target found for /mnt/c/Users/Admin/Documents/Laboratorio2(TO)/Persona.java. Using fallback presentation compiler.[0m
2026.09.09 12:21:29 INFO  no build target found for /mnt/c/Users/Admin/Documents/Laboratorio2(TO)/Persona.java. Using fallback presentation compiler.[0m
2026.09.09 12:21:29 WARN  Running javac-semanticdb failed for file:///mnt/c/Users/Admin/Documents/Laboratorio2(TO)/Persona.java. Output:
[0m
2026.09.09 12:21:29 INFO  no build target found for /mnt/c/Users/Admin/Documents/Laboratorio2(TO)/Persona.java. Using fallback presentation compiler.[0m
2026.09.09 12:21:29 INFO  no build target found for /mnt/c/Users/Admin/Documents/Laboratorio2(TO)/Persona.java. Using fallback presentation compiler.[0m
2026.09.09 12:21:30 WARN  Running javac-semanticdb failed for file:///mnt/c/Users/Admin/Documents/Laboratorio2(TO)/Persona.java. Output:
[0m
2026.09.09 12:21:30 INFO  no build target found for /mnt/c/Users/Admin/Documents/Laboratorio2(TO)/Persona.java. Using fallback presentation compiler.[0m
2026.09.09 12:21:29 INFO  no build target found for /mnt/c/Users/Admin/Documents/Laboratorio2(TO)/Persona.java. Using fallback presentation compiler.[0m
2026.09.09 12:21:30 INFO  no build target found for /mnt/c/Users/Admin/Documents/Laboratorio2(TO)/Persona.java. Using fallback presentation compiler.[0m
2026.09.09 12:21:30 INFO  no build target found for /mnt/c/Users/Admin/Documents/Laboratorio2(TO)/Persona.java. Using fallback presentation compiler.[0m
2026.09.09 12:21:30 WARN  Running javac-semanticdb failed for file:///mnt/c/Users/Admin/Documents/Laboratorio2(TO)/Persona.java. Output:
[0m
2026.09.09 12:21:31 INFO  no build target found for /mnt/c/Users/Admin/Documents/Laboratorio2(TO)/Persona.java. Using fallback presentation compiler.[0m
2026.09.09 12:21:32 INFO  no build target found for /mnt/c/Users/Admin/Documents/Laboratorio2(TO)/Persona.java. Using fallback presentation compiler.[0m
2026.09.09 12:21:32 INFO  no build target found for /mnt/c/Users/Admin/Documents/Laboratorio2(TO)/Persona.java. Using fallback presentation compiler.[0m
2026.09.09 12:21:32 INFO  no build target found for /mnt/c/Users/Admin/Documents/Laboratorio2(TO)/Persona.java. Using fallback presentation compiler.[0m
2026.09.09 12:21:32 INFO  no build target found for /mnt/c/Users/Admin/Documents/Laboratorio2(TO)/Persona.java. Using fallback presentation compiler.[0m
2026.09.09 12:21:32 WARN  Running javac-semanticdb failed for file:///mnt/c/Users/Admin/Documents/Laboratorio2(TO)/Persona.java. Output:
[0m
2026.09.09 12:21:34 INFO  no build target found for /mnt/c/Users/Admin/Documents/Laboratorio2(TO)/Persona.java. Using fallback presentation compiler.[0m
2026.09.09 12:21:34 INFO  no build target found for /mnt/c/Users/Admin/Documents/Laboratorio2(TO)/Persona.java. Using fallback presentation compiler.[0m
2026.09.09 12:21:34 WARN  Running javac-semanticdb failed for file:///mnt/c/Users/Admin/Documents/Laboratorio2(TO)/Persona.java. Output:
[0m
2026.09.09 12:21:34 INFO  no build target found for /mnt/c/Users/Admin/Documents/Laboratorio2(TO)/Persona.java. Using fallback presentation compiler.[0m
Sep 09, 2026 12:21:34 PM org.eclipse.lsp4j.jsonrpc.RemoteEndpoint handleCancellation
WARNING: Unmatched cancel notification for request id 885
Sep 09, 2026 12:21:34 PM org.eclipse.lsp4j.jsonrpc.RemoteEndpoint handleCancellation
WARNING: Unmatched cancel notification for request id 883
2026.09.09 12:21:34 INFO  no build target found for /mnt/c/Users/Admin/Documents/Laboratorio2(TO)/Persona.java. Using fallback presentation compiler.[0m
2026.09.09 12:21:34 INFO  no build target found for /mnt/c/Users/Admin/Documents/Laboratorio2(TO)/Persona.java. Using fallback presentation compiler.[0m
2026.09.09 12:21:35 WARN  Running javac-semanticdb failed for file:///mnt/c/Users/Admin/Documents/Laboratorio2(TO)/Persona.java. Output:
[0m
2026.09.09 12:21:35 INFO  no build target found for /mnt/c/Users/Admin/Documents/Laboratorio2(TO)/Persona.java. Using fallback presentation compiler.[0m
2026.09.09 12:21:34 INFO  no build target found for /mnt/c/Users/Admin/Documents/Laboratorio2(TO)/Persona.java. Using fallback presentation compiler.[0m
2026.09.09 12:21:34 INFO  no build target found for /mnt/c/Users/Admin/Documents/Laboratorio2(TO)/Persona.java. Using fallback presentation compiler.[0m
2026.09.09 12:21:35 INFO  no build target found for /mnt/c/Users/Admin/Documents/Laboratorio2(TO)/Persona.java. Using fallback presentation compiler.[0m
2026.09.09 12:21:35 INFO  no build target found for /mnt/c/Users/Admin/Documents/Laboratorio2(TO)/Persona.java. Using fallback presentation compiler.[0m
2026.09.09 12:21:35 INFO  no build target found for /mnt/c/Users/Admin/Documents/Laboratorio2(TO)/Persona.java. Using fallback presentation compiler.[0m
2026.09.09 12:21:35 INFO  no build target found for /mnt/c/Users/Admin/Documents/Laboratorio2(TO)/Persona.java. Using fallback presentation compiler.[0m
2026.09.09 12:21:35 INFO  no build target found for /mnt/c/Users/Admin/Documents/Laboratorio2(TO)/Persona.java. Using fallback presentation compiler.[0m
2026.09.09 12:21:35 INFO  no build target found for /mnt/c/Users/Admin/Documents/Laboratorio2(TO)/Persona.java. Using fallback presentation compiler.[0m
2026.09.09 12:21:35 WARN  Running javac-semanticdb failed for file:///mnt/c/Users/Admin/Documents/Laboratorio2(TO)/Persona.java. Output:
[0m
2026.09.09 12:21:36 INFO  no build target found for /mnt/c/Users/Admin/Documents/Laboratorio2(TO)/Persona.java. Using fallback presentation compiler.[0m
2026.09.09 12:21:36 INFO  no build target found for /mnt/c/Users/Admin/Documents/Laboratorio2(TO)/Persona.java. Using fallback presentation compiler.[0m
2026.09.09 12:21:36 INFO  no build target found for /mnt/c/Users/Admin/Documents/Laboratorio2(TO)/Persona.java. Using fallback presentation compiler.[0m
2026.09.09 12:21:36 WARN  Running javac-semanticdb failed for file:///mnt/c/Users/Admin/Documents/Laboratorio2(TO)/Persona.java. Output:
[0m
2026.09.09 12:21:36 INFO  no build target found for /mnt/c/Users/Admin/Documents/Laboratorio2(TO)/Persona.java. Using fallback presentation compiler.[0m
2026.09.09 12:21:37 INFO  no build target found for /mnt/c/Users/Admin/Documents/Laboratorio2(TO)/Persona.java. Using fallback presentation compiler.[0m
2026.09.09 12:21:37 INFO  no build target found for /mnt/c/Users/Admin/Documents/Laboratorio2(TO)/Persona.java. Using fallback presentation compiler.[0m
2026.09.09 12:21:38 WARN  Running javac-semanticdb failed for file:///mnt/c/Users/Admin/Documents/Laboratorio2(TO)/Persona.java. Output:
[0m
2026.09.09 12:21:38 INFO  no build target found for /mnt/c/Users/Admin/Documents/Laboratorio2(TO)/Persona.java. Using fallback presentation compiler.[0m
2026.09.09 12:21:37 INFO  no build target found for /mnt/c/Users/Admin/Documents/Laboratorio2(TO)/Persona.java. Using fallback presentation compiler.[0m
2026.09.09 12:21:38 WARN  Running javac-semanticdb failed for file:///mnt/c/Users/Admin/Documents/Laboratorio2(TO)/Persona.java. Output:
[0m
2026.09.09 12:21:38 INFO  no build target found for /mnt/c/Users/Admin/Documents/Laboratorio2(TO)/Persona.java. Using fallback presentation compiler.[0m
2026.09.09 12:21:38 INFO  no build target found for /mnt/c/Users/Admin/Documents/Laboratorio2(TO)/Persona.java. Using fallback presentation compiler.[0m
2026.09.09 12:21:38 INFO  no build target found for /mnt/c/Users/Admin/Documents/Laboratorio2(TO)/Persona.java. Using fallback presentation compiler.[0m
2026.09.09 12:21:38 INFO  no build target found for /mnt/c/Users/Admin/Documents/Laboratorio2(TO)/Persona.java. Using fallback presentation compiler.[0m
2026.09.09 12:21:38 INFO  no build target found for /mnt/c/Users/Admin/Documents/Laboratorio2(TO)/Persona.java. Using fallback presentation compiler.[0m
2026.09.09 12:21:39 WARN  Running javac-semanticdb failed for file:///mnt/c/Users/Admin/Documents/Laboratorio2(TO)/Persona.java. Output:
[0m
2026.09.09 12:21:38 INFO  no build target found for /mnt/c/Users/Admin/Documents/Laboratorio2(TO)/Persona.java. Using fallback presentation compiler.[0m
2026.09.09 12:21:38 INFO  no build target found for /mnt/c/Users/Admin/Documents/Laboratorio2(TO)/Persona.java. Using fallback presentation compiler.[0m
2026.09.09 12:21:38 INFO  no build target found for /mnt/c/Users/Admin/Documents/Laboratorio2(TO)/Persona.java. Using fallback presentation compiler.[0m
2026.09.09 12:21:39 INFO  no build target found for /mnt/c/Users/Admin/Documents/Laboratorio2(TO)/Persona.java. Using fallback presentation compiler.[0m
2026.09.09 12:21:39 INFO  no build target found for /mnt/c/Users/Admin/Documents/Laboratorio2(TO)/Persona.java. Using fallback presentation compiler.[0m
2026.09.09 12:21:40 WARN  Running javac-semanticdb failed for file:///mnt/c/Users/Admin/Documents/Laboratorio2(TO)/Persona.java. Output:
[0m
Sep 09, 2026 12:21:40 PM org.eclipse.lsp4j.jsonrpc.RemoteEndpoint handleCancellation
WARNING: Unmatched cancel notification for request id 950
Sep 09, 2026 12:21:40 PM org.eclipse.lsp4j.jsonrpc.RemoteEndpoint handleCancellation
WARNING: Unmatched cancel notification for request id 948
Sep 09, 2026 12:21:40 PM org.eclipse.lsp4j.jsonrpc.RemoteEndpoint handleCancellation
WARNING: Unmatched cancel notification for request id 951
2026.09.09 12:21:39 INFO  no build target found for /mnt/c/Users/Admin/Documents/Laboratorio2(TO)/Persona.java. Using fallback presentation compiler.[0m
2026.09.09 12:21:39 WARN  Running javac-semanticdb failed for file:///mnt/c/Users/Admin/Documents/Laboratorio2(TO)/Persona.java. Output:
[0m
2026.09.09 12:21:39 INFO  no build target found for /mnt/c/Users/Admin/Documents/Laboratorio2(TO)/Persona.java. Using fallback presentation compiler.[0m
2026.09.09 12:21:40 INFO  no build target found for /mnt/c/Users/Admin/Documents/Laboratorio2(TO)/Persona.java. Using fallback presentation compiler.[0m
Sep 09, 2026 12:21:40 PM org.eclipse.lsp4j.jsonrpc.RemoteEndpoint handleCancellation
WARNING: Unmatched cancel notification for request id 956
2026.09.09 12:21:39 INFO  no build target found for /mnt/c/Users/Admin/Documents/Laboratorio2(TO)/Persona.java. Using fallback presentation compiler.[0m
2026.09.09 12:21:39 INFO  no build target found for /mnt/c/Users/Admin/Documents/Laboratorio2(TO)/Persona.java. Using fallback presentation compiler.[0m
2026.09.09 12:21:40 INFO  no build target found for /mnt/c/Users/Admin/Documents/Laboratorio2(TO)/Persona.java. Using fallback presentation compiler.[0m
2026.09.09 12:21:40 WARN  Running javac-semanticdb failed for file:///mnt/c/Users/Admin/Documents/Laboratorio2(TO)/Persona.java. Output:
[0m
2026.09.09 12:21:41 INFO  no build target found for /mnt/c/Users/Admin/Documents/Laboratorio2(TO)/Persona.java. Using fallback presentation compiler.[0m
2026.09.09 12:21:41 INFO  no build target found for /mnt/c/Users/Admin/Documents/Laboratorio2(TO)/Persona.java. Using fallback presentation compiler.[0m
2026.09.09 12:21:41 INFO  no build target found for /mnt/c/Users/Admin/Documents/Laboratorio2(TO)/Persona.java. Using fallback presentation compiler.[0m
2026.09.09 12:21:41 INFO  no build target found for /mnt/c/Users/Admin/Documents/Laboratorio2(TO)/Persona.java. Using fallback presentation compiler.[0m
2026.09.09 12:21:41 WARN  Running javac-semanticdb failed for file:///mnt/c/Users/Admin/Documents/Laboratorio2(TO)/Persona.java. Output:
[0m
2026.09.09 12:21:41 INFO  no build target found for /mnt/c/Users/Admin/Documents/Laboratorio2(TO)/Persona.java. Using fallback presentation compiler.[0m
2026.09.09 12:21:41 INFO  no build target found for /mnt/c/Users/Admin/Documents/Laboratorio2(TO)/Persona.java. Using fallback presentation compiler.[0m
2026.09.09 12:21:42 INFO  no build target found for /mnt/c/Users/Admin/Documents/Laboratorio2(TO)/Persona.java. Using fallback presentation compiler.[0m
2026.09.09 12:21:42 INFO  no build target found for /mnt/c/Users/Admin/Documents/Laboratorio2(TO)/Persona.java. Using fallback presentation compiler.[0m
2026.09.09 12:21:42 INFO  no build target found for /mnt/c/Users/Admin/Documents/Laboratorio2(TO)/Persona.java. Using fallback presentation compiler.[0m
2026.09.09 12:21:42 INFO  no build target found for /mnt/c/Users/Admin/Documents/Laboratorio2(TO)/Persona.java. Using fallback presentation compiler.[0m
2026.09.09 12:21:42 INFO  no build target found for /mnt/c/Users/Admin/Documents/Laboratorio2(TO)/Persona.java. Using fallback presentation compiler.[0m
2026.09.09 12:21:42 WARN  Running javac-semanticdb failed for file:///mnt/c/Users/Admin/Documents/Laboratorio2(TO)/Persona.java. Output:
[0m
2026.09.09 12:21:42 INFO  no build target found for /mnt/c/Users/Admin/Documents/Laboratorio2(TO)/Persona.java. Using fallback presentation compiler.[0m
2026.09.09 12:21:42 INFO  no build target found for /mnt/c/Users/Admin/Documents/Laboratorio2(TO)/Persona.java. Using fallback presentation compiler.[0m
2026.09.09 12:21:42 INFO  no build target found for /mnt/c/Users/Admin/Documents/Laboratorio2(TO)/Persona.java. Using fallback presentation compiler.[0m
2026.09.09 12:21:42 INFO  no build target found for /mnt/c/Users/Admin/Documents/Laboratorio2(TO)/Persona.java. Using fallback presentation compiler.[0m
2026.09.09 12:21:43 INFO  no build target found for /mnt/c/Users/Admin/Documents/Laboratorio2(TO)/Persona.java. Using fallback presentation compiler.[0m
2026.09.09 12:21:42 WARN  Running javac-semanticdb failed for file:///mnt/c/Users/Admin/Documents/Laboratorio2(TO)/Persona.java. Output:
[0m
2026.09.09 12:21:43 INFO  no build target found for /mnt/c/Users/Admin/Documents/Laboratorio2(TO)/Persona.java. Using fallback presentation compiler.[0m
2026.09.09 12:21:43 INFO  no build target found for /mnt/c/Users/Admin/Documents/Laboratorio2(TO)/Persona.java. Using fallback presentation compiler.[0m
2026.09.09 12:21:43 INFO  no build target found for /mnt/c/Users/Admin/Documents/Laboratorio2(TO)/Persona.java. Using fallback presentation compiler.[0m
2026.09.09 12:21:43 WARN  Running javac-semanticdb failed for file:///mnt/c/Users/Admin/Documents/Laboratorio2(TO)/Persona.java. Output:
[0m
2026.09.09 12:21:43 INFO  no build target found for /mnt/c/Users/Admin/Documents/Laboratorio2(TO)/Persona.java. Using fallback presentation compiler.[0m
2026.09.09 12:21:43 INFO  no build target found for /mnt/c/Users/Admin/Documents/Laboratorio2(TO)/Persona.java. Using fallback presentation compiler.[0m
2026.09.09 12:21:43 INFO  no build target found for /mnt/c/Users/Admin/Documents/Laboratorio2(TO)/Persona.java. Using fallback presentation compiler.[0m
2026.09.09 12:21:43 INFO  no build target found for /mnt/c/Users/Admin/Documents/Laboratorio2(TO)/Persona.java. Using fallback presentation compiler.[0m
2026.09.09 12:21:43 INFO  no build target found for /mnt/c/Users/Admin/Documents/Laboratorio2(TO)/Persona.java. Using fallback presentation compiler.[0m
2026.09.09 12:21:44 INFO  no build target found for /mnt/c/Users/Admin/Documents/Laboratorio2(TO)/Persona.java. Using fallback presentation compiler.[0m
2026.09.09 12:21:44 INFO  no build target found for /mnt/c/Users/Admin/Documents/Laboratorio2(TO)/Persona.java. Using fallback presentation compiler.[0m
2026.09.09 12:21:44 WARN  Running javac-semanticdb failed for file:///mnt/c/Users/Admin/Documents/Laboratorio2(TO)/Persona.java. Output:
[0m
2026.09.09 12:21:44 INFO  no build target found for /mnt/c/Users/Admin/Documents/Laboratorio2(TO)/Persona.java. Using fallback presentation compiler.[0m
Sep 09, 2026 12:21:44 PM org.eclipse.lsp4j.jsonrpc.RemoteEndpoint handleCancellation
WARNING: Unmatched cancel notification for request id 1008
2026.09.09 12:21:44 INFO  no build target found for /mnt/c/Users/Admin/Documents/Laboratorio2(TO)/Persona.java. Using fallback presentation compiler.[0m
2026.09.09 12:21:44 WARN  Running javac-semanticdb failed for file:///mnt/c/Users/Admin/Documents/Laboratorio2(TO)/Persona.java. Output:
[0m
2026.09.09 12:21:44 INFO  no build target found for /mnt/c/Users/Admin/Documents/Laboratorio2(TO)/Persona.java. Using fallback presentation compiler.[0m
2026.09.09 12:21:44 INFO  no build target found for /mnt/c/Users/Admin/Documents/Laboratorio2(TO)/Persona.java. Using fallback presentation compiler.[0m
2026.09.09 12:21:44 INFO  no build target found for /mnt/c/Users/Admin/Documents/Laboratorio2(TO)/Persona.java. Using fallback presentation compiler.[0m
2026.09.09 12:21:45 INFO  no build target found for /mnt/c/Users/Admin/Documents/Laboratorio2(TO)/Persona.java. Using fallback presentation compiler.[0m
2026.09.09 12:21:44 WARN  Running javac-semanticdb failed for file:///mnt/c/Users/Admin/Documents/Laboratorio2(TO)/Persona.java. Output:
[0m
2026.09.09 12:21:45 INFO  no build target found for /mnt/c/Users/Admin/Documents/Laboratorio2(TO)/Persona.java. Using fallback presentation compiler.[0m
2026.09.09 12:21:46 INFO  no build target found for /mnt/c/Users/Admin/Documents/Laboratorio2(TO)/Persona.java. Using fallback presentation compiler.[0m
2026.09.09 12:21:46 INFO  no build target found for /mnt/c/Users/Admin/Documents/Laboratorio2(TO)/Persona.java. Using fallback presentation compiler.[0m
2026.09.09 12:21:46 INFO  no build target found for /mnt/c/Users/Admin/Documents/Laboratorio2(TO)/Persona.java. Using fallback presentation compiler.[0m
2026.09.09 12:21:46 INFO  no build target found for /mnt/c/Users/Admin/Documents/Laboratorio2(TO)/Persona.java. Using fallback presentation compiler.[0m
2026.09.09 12:21:46 INFO  no build target found for /mnt/c/Users/Admin/Documents/Laboratorio2(TO)/Persona.java. Using fallback presentation compiler.[0m
2026.09.09 12:21:47 WARN  Running javac-semanticdb failed for file:///mnt/c/Users/Admin/Documents/Laboratorio2(TO)/Persona.java. Output:
[0m
Sep 09, 2026 12:21:47 PM org.eclipse.lsp4j.jsonrpc.RemoteEndpoint handleCancellation
WARNING: Unmatched cancel notification for request id 1033
2026.09.09 12:21:46 INFO  no build target found for /mnt/c/Users/Admin/Documents/Laboratorio2(TO)/Persona.java. Using fallback presentation compiler.[0m
2026.09.09 12:21:46 INFO  no build target found for /mnt/c/Users/Admin/Documents/Laboratorio2(TO)/Persona.java. Using fallback presentation compiler.[0m
2026.09.09 12:21:46 INFO  no build target found for /mnt/c/Users/Admin/Documents/Laboratorio2(TO)/Persona.java. Using fallback presentation compiler.[0m
2026.09.09 12:21:46 INFO  no build target found for /mnt/c/Users/Admin/Documents/Laboratorio2(TO)/Persona.java. Using fallback presentation compiler.[0m
2026.09.09 12:21:47 INFO  no build target found for /mnt/c/Users/Admin/Documents/Laboratorio2(TO)/Persona.java. Using fallback presentation compiler.[0m
2026.09.09 12:21:47 INFO  no build target found for /mnt/c/Users/Admin/Documents/Laboratorio2(TO)/Persona.java. Using fallback presentation compiler.[0m
2026.09.09 12:21:47 INFO  no build target found for /mnt/c/Users/Admin/Documents/Laboratorio2(TO)/Persona.java. Using fallback presentation compiler.[0m
2026.09.09 12:21:47 INFO  no build target found for /mnt/c/Users/Admin/Documents/Laboratorio2(TO)/Persona.java. Using fallback presentation compiler.[0m
2026.09.09 12:21:48 WARN  Running javac-semanticdb failed for file:///mnt/c/Users/Admin/Documents/Laboratorio2(TO)/Persona.java. Output:
[0m
2026.09.09 12:21:48 INFO  no build target found for /mnt/c/Users/Admin/Documents/Laboratorio2(TO)/Persona.java. Using fallback presentation compiler.[0m
2026.09.09 12:21:48 INFO  no build target found for /mnt/c/Users/Admin/Documents/Laboratorio2(TO)/Persona.java. Using fallback presentation compiler.[0m
2026.09.09 12:21:48 INFO  no build target found for /mnt/c/Users/Admin/Documents/Laboratorio2(TO)/Persona.java. Using fallback presentation compiler.[0m
2026.09.09 12:21:49 INFO  no build target found for /mnt/c/Users/Admin/Documents/Laboratorio2(TO)/Persona.java. Using fallback presentation compiler.[0m
2026.09.09 12:21:49 WARN  Running javac-semanticdb failed for file:///mnt/c/Users/Admin/Documents/Laboratorio2(TO)/Persona.java. Output:
[0m
2026.09.09 12:21:50 INFO  no build target found for /mnt/c/Users/Admin/Documents/Laboratorio2(TO)/Persona.java. Using fallback presentation compiler.[0m
2026.09.09 12:21:50 INFO  no build target found for /mnt/c/Users/Admin/Documents/Laboratorio2(TO)/Persona.java. Using fallback presentation compiler.[0m
2026.09.09 12:21:50 INFO  no build target found for /mnt/c/Users/Admin/Documents/Laboratorio2(TO)/Persona.java. Using fallback presentation compiler.[0m
2026.09.09 12:21:50 INFO  no build target found for /mnt/c/Users/Admin/Documents/Laboratorio2(TO)/Persona.java. Using fallback presentation compiler.[0m
2026.09.09 12:21:50 WARN  Running javac-semanticdb failed for file:///mnt/c/Users/Admin/Documents/Laboratorio2(TO)/Persona.java. Output:
[0m
2026.09.09 12:21:50 INFO  no build target found for /mnt/c/Users/Admin/Documents/Laboratorio2(TO)/Persona.java. Using fallback presentation compiler.[0m
2026.09.09 12:21:50 INFO  no build target found for /mnt/c/Users/Admin/Documents/Laboratorio2(TO)/Persona.java. Using fallback presentation compiler.[0m
2026.09.09 12:21:51 INFO  no build target found for /mnt/c/Users/Admin/Documents/Laboratorio2(TO)/Persona.java. Using fallback presentation compiler.[0m
2026.09.09 12:21:51 WARN  Running javac-semanticdb failed for file:///mnt/c/Users/Admin/Documents/Laboratorio2(TO)/Persona.java. Output:
[0m
2026.09.09 12:21:52 INFO  no build target found for /mnt/c/Users/Admin/Documents/Laboratorio2(TO)/Persona.java. Using fallback presentation compiler.[0m
2026.09.09 12:21:52 INFO  no build target found for /mnt/c/Users/Admin/Documents/Laboratorio2(TO)/Persona.java. Using fallback presentation compiler.[0m
2026.09.09 12:21:52 WARN  Running javac-semanticdb failed for file:///mnt/c/Users/Admin/Documents/Laboratorio2(TO)/Persona.java. Output:
[0m
2026.09.09 12:21:52 INFO  no build target found for /mnt/c/Users/Admin/Documents/Laboratorio2(TO)/Persona.java. Using fallback presentation compiler.[0m
2026.09.09 12:21:52 INFO  no build target found for /mnt/c/Users/Admin/Documents/Laboratorio2(TO)/Persona.java. Using fallback presentation compiler.[0m
Sep 09, 2026 12:21:52 PM org.eclipse.lsp4j.jsonrpc.RemoteEndpoint handleCancellation
WARNING: Unmatched cancel notification for request id 1083
2026.09.09 12:21:52 INFO  no build target found for /mnt/c/Users/Admin/Documents/Laboratorio2(TO)/Persona.java. Using fallback presentation compiler.[0m
2026.09.09 12:21:52 INFO  no build target found for /mnt/c/Users/Admin/Documents/Laboratorio2(TO)/Persona.java. Using fallback presentation compiler.[0m
2026.09.09 12:21:52 WARN  Running javac-semanticdb failed for file:///mnt/c/Users/Admin/Documents/Laboratorio2(TO)/Persona.java. Output:
[0m
2026.09.09 12:21:52 INFO  no build target found for /mnt/c/Users/Admin/Documents/Laboratorio2(TO)/Persona.java. Using fallback presentation compiler.[0m
2026.09.09 12:21:52 INFO  no build target found for /mnt/c/Users/Admin/Documents/Laboratorio2(TO)/Persona.java. Using fallback presentation compiler.[0m
2026.09.09 12:21:53 INFO  no build target found for /mnt/c/Users/Admin/Documents/Laboratorio2(TO)/Persona.java. Using fallback presentation compiler.[0m
2026.09.09 12:21:52 WARN  Running javac-semanticdb failed for file:///mnt/c/Users/Admin/Documents/Laboratorio2(TO)/Persona.java. Output:
[0m
2026.09.09 12:21:52 INFO  no build target found for /mnt/c/Users/Admin/Documents/Laboratorio2(TO)/Persona.java. Using fallback presentation compiler.[0m
Sep 09, 2026 12:21:53 PM org.eclipse.lsp4j.jsonrpc.RemoteEndpoint handleCancellation
WARNING: Unmatched cancel notification for request id 1099
2026.09.09 12:21:53 INFO  no build target found for /mnt/c/Users/Admin/Documents/Laboratorio2(TO)/Persona.java. Using fallback presentation compiler.[0m
2026.09.09 12:21:53 INFO  no build target found for /mnt/c/Users/Admin/Documents/Laboratorio2(TO)/Persona.java. Using fallback presentation compiler.[0m
2026.09.09 12:21:53 WARN  Running javac-semanticdb failed for file:///mnt/c/Users/Admin/Documents/Laboratorio2(TO)/Persona.java. Output:
[0m
2026.09.09 12:21:53 INFO  no build target found for /mnt/c/Users/Admin/Documents/Laboratorio2(TO)/Persona.java. Using fallback presentation compiler.[0m
2026.09.09 12:21:54 INFO  no build target found for /mnt/c/Users/Admin/Documents/Laboratorio2(TO)/Persona.java. Using fallback presentation compiler.[0m
2026.09.09 12:21:54 INFO  no build target found for /mnt/c/Users/Admin/Documents/Laboratorio2(TO)/Persona.java. Using fallback presentation compiler.[0m
2026.09.09 12:21:54 INFO  no build target found for /mnt/c/Users/Admin/Documents/Laboratorio2(TO)/Persona.java. Using fallback presentation compiler.[0m
2026.09.09 12:21:54 INFO  no build target found for /mnt/c/Users/Admin/Documents/Laboratorio2(TO)/Persona.java. Using fallback presentation compiler.[0m
2026.09.09 12:21:54 INFO  no build target found for /mnt/c/Users/Admin/Documents/Laboratorio2(TO)/Persona.java. Using fallback presentation compiler.[0m
2026.09.09 12:21:55 INFO  no build target found for /mnt/c/Users/Admin/Documents/Laboratorio2(TO)/Persona.java. Using fallback presentation compiler.[0m
2026.09.09 12:21:55 INFO  no build target found for /mnt/c/Users/Admin/Documents/Laboratorio2(TO)/Persona.java. Using fallback presentation compiler.[0m
2026.09.09 12:21:55 INFO  no build target found for /mnt/c/Users/Admin/Documents/Laboratorio2(TO)/Persona.java. Using fallback presentation compiler.[0m
2026.09.09 12:21:55 INFO  no build target found for /mnt/c/Users/Admin/Documents/Laboratorio2(TO)/Persona.java. Using fallback presentation compiler.[0m
2026.09.09 12:21:56 WARN  Running javac-semanticdb failed for file:///mnt/c/Users/Admin/Documents/Laboratorio2(TO)/Persona.java. Output:
[0m
2026.09.09 12:22:02 INFO  no build target found for /mnt/c/Users/Admin/Documents/Laboratorio2(TO)/Persona.java. Using fallback presentation compiler.[0m
2026.09.09 12:22:02 INFO  no build target found for /mnt/c/Users/Admin/Documents/Laboratorio2(TO)/Persona.java. Using fallback presentation compiler.[0m
2026.09.09 12:22:02 WARN  Running javac-semanticdb failed for file:///mnt/c/Users/Admin/Documents/Laboratorio2(TO)/Persona.java. Output:
[0m
2026.09.09 12:22:02 INFO  no build target found for /mnt/c/Users/Admin/Documents/Laboratorio2(TO)/Persona.java. Using fallback presentation compiler.[0m
2026.09.09 12:22:02 INFO  no build target found for /mnt/c/Users/Admin/Documents/Laboratorio2(TO)/Persona.java. Using fallback presentation compiler.[0m
2026.09.09 12:22:02 INFO  no build target found for /mnt/c/Users/Admin/Documents/Laboratorio2(TO)/Persona.java. Using fallback presentation compiler.[0m
2026.09.09 12:22:02 INFO  no build target found for /mnt/c/Users/Admin/Documents/Laboratorio2(TO)/Persona.java. Using fallback presentation compiler.[0m
2026.09.09 12:22:03 INFO  no build target found for /mnt/c/Users/Admin/Documents/Laboratorio2(TO)/Persona.java. Using fallback presentation compiler.[0m
2026.09.09 12:22:03 WARN  Running javac-semanticdb failed for file:///mnt/c/Users/Admin/Documents/Laboratorio2(TO)/Persona.java. Output:
[0m
2026.09.09 12:22:03 INFO  no build target found for /mnt/c/Users/Admin/Documents/Laboratorio2(TO)/Persona.java. Using fallback presentation compiler.[0m
2026.09.09 12:22:03 INFO  no build target found for /mnt/c/Users/Admin/Documents/Laboratorio2(TO)/Persona.java. Using fallback presentation compiler.[0m
2026.09.09 12:22:03 INFO  no build target found for /mnt/c/Users/Admin/Documents/Laboratorio2(TO)/Persona.java. Using fallback presentation compiler.[0m
2026.09.09 12:22:03 INFO  no build target found for /mnt/c/Users/Admin/Documents/Laboratorio2(TO)/Persona.java. Using fallback presentation compiler.[0m
2026.09.09 12:22:03 WARN  Running javac-semanticdb failed for file:///mnt/c/Users/Admin/Documents/Laboratorio2(TO)/Persona.java. Output:
[0m
2026.09.09 12:22:03 INFO  no build target found for /mnt/c/Users/Admin/Documents/Laboratorio2(TO)/Persona.java. Using fallback presentation compiler.[0m
2026.09.09 12:22:03 INFO  no build target found for /mnt/c/Users/Admin/Documents/Laboratorio2(TO)/Persona.java. Using fallback presentation compiler.[0m
2026.09.09 12:22:03 INFO  no build target found for /mnt/c/Users/Admin/Documents/Laboratorio2(TO)/Persona.java. Using fallback presentation compiler.[0m
2026.09.09 12:22:03 INFO  no build target found for /mnt/c/Users/Admin/Documents/Laboratorio2(TO)/Persona.java. Using fallback presentation compiler.[0m
2026.09.09 12:22:03 INFO  no build target found for /mnt/c/Users/Admin/Documents/Laboratorio2(TO)/Persona.java. Using fallback presentation compiler.[0m
2026.09.09 12:22:03 INFO  no build target found for /mnt/c/Users/Admin/Documents/Laboratorio2(TO)/Persona.java. Using fallback presentation compiler.[0m
2026.09.09 12:22:04 INFO  no build target found for /mnt/c/Users/Admin/Documents/Laboratorio2(TO)/Persona.java. Using fallback presentation compiler.[0m
2026.09.09 12:22:04 INFO  no build target found for /mnt/c/Users/Admin/Documents/Laboratorio2(TO)/Persona.java. Using fallback presentation compiler.[0m
2026.09.09 12:22:04 INFO  no build target found for /mnt/c/Users/Admin/Documents/Laboratorio2(TO)/Persona.java. Using fallback presentation compiler.[0m
2026.09.09 12:22:04 WARN  Running javac-semanticdb failed for file:///mnt/c/Users/Admin/Documents/Laboratorio2(TO)/Persona.java. Output:
[0m
2026.09.09 12:22:04 INFO  no build target found for /mnt/c/Users/Admin/Documents/Laboratorio2(TO)/Persona.java. Using fallback presentation compiler.[0m
2026.09.09 12:22:04 INFO  no build target found for /mnt/c/Users/Admin/Documents/Laboratorio2(TO)/Persona.java. Using fallback presentation compiler.[0m
2026.09.09 12:22:05 INFO  no build target found for /mnt/c/Users/Admin/Documents/Laboratorio2(TO)/Persona.java. Using fallback presentation compiler.[0m
2026.09.09 12:22:06 INFO  no build target found for /mnt/c/Users/Admin/Documents/Laboratorio2(TO)/Persona.java. Using fallback presentation compiler.[0m
2026.09.09 12:22:07 WARN  Running javac-semanticdb failed for file:///mnt/c/Users/Admin/Documents/Laboratorio2(TO)/Persona.java. Output:
[0m
2026.09.09 12:22:08 INFO  no build target found for /mnt/c/Users/Admin/Documents/Laboratorio2(TO)/Persona.java. Using fallback presentation compiler.[0m
2026.09.09 12:22:08 INFO  no build target found for /mnt/c/Users/Admin/Documents/Laboratorio2(TO)/Persona.java. Using fallback presentation compiler.[0m
2026.09.09 12:22:08 INFO  no build target found for /mnt/c/Users/Admin/Documents/Laboratorio2(TO)/Persona.java. Using fallback presentation compiler.[0m
2026.09.09 12:22:08 INFO  no build target found for /mnt/c/Users/Admin/Documents/Laboratorio2(TO)/Persona.java. Using fallback presentation compiler.[0m
2026.09.09 12:22:08 INFO  no build target found for /mnt/c/Users/Admin/Documents/Laboratorio2(TO)/Persona.java. Using fallback presentation compiler.[0m
2026.09.09 12:22:09 INFO  no build target found for /mnt/c/Users/Admin/Documents/Laboratorio2(TO)/Persona.java. Using fallback presentation compiler.[0m
2026.09.09 12:22:08 INFO  no build target found for /mnt/c/Users/Admin/Documents/Laboratorio2(TO)/Persona.java. Using fallback presentation compiler.[0m
2026.09.09 12:22:09 WARN  Running javac-semanticdb failed for file:///mnt/c/Users/Admin/Documents/Laboratorio2(TO)/Persona.java. Output:
[0m
2026.09.09 12:22:09 INFO  no build target found for /mnt/c/Users/Admin/Documents/Laboratorio2(TO)/Persona.java. Using fallback presentation compiler.[0m
2026.09.09 12:22:09 INFO  no build target found for /mnt/c/Users/Admin/Documents/Laboratorio2(TO)/Persona.java. Using fallback presentation compiler.[0m
2026.09.09 12:22:09 INFO  no build target found for /mnt/c/Users/Admin/Documents/Laboratorio2(TO)/Persona.java. Using fallback presentation compiler.[0m
2026.09.09 12:22:09 WARN  Running javac-semanticdb failed for file:///mnt/c/Users/Admin/Documents/Laboratorio2(TO)/Persona.java. Output:
[0m
2026.09.09 12:22:11 INFO  no build target found for /mnt/c/Users/Admin/Documents/Laboratorio2(TO)/Persona.java. Using fallback presentation compiler.[0m
2026.09.09 12:22:11 INFO  no build target found for /mnt/c/Users/Admin/Documents/Laboratorio2(TO)/Persona.java. Using fallback presentation compiler.[0m
2026.09.09 12:22:12 INFO  no build target found for /mnt/c/Users/Admin/Documents/Laboratorio2(TO)/Persona.java. Using fallback presentation compiler.[0m
2026.09.09 12:22:12 WARN  Running javac-semanticdb failed for file:///mnt/c/Users/Admin/Documents/Laboratorio2(TO)/Persona.java. Output:
[0m
2026.09.09 12:22:13 INFO  no build target found for /mnt/c/Users/Admin/Documents/Laboratorio2(TO)/Persona.java. Using fallback presentation compiler.[0m
2026.09.09 12:22:13 INFO  no build target found for /mnt/c/Users/Admin/Documents/Laboratorio2(TO)/Persona.java. Using fallback presentation compiler.[0m
2026.09.09 12:22:12 INFO  no build target found for /mnt/c/Users/Admin/Documents/Laboratorio2(TO)/Persona.java. Using fallback presentation compiler.[0m
2026.09.09 12:22:13 INFO  no build target found for /mnt/c/Users/Admin/Documents/Laboratorio2(TO)/Persona.java. Using fallback presentation compiler.[0m
2026.09.09 12:22:13 WARN  Running javac-semanticdb failed for file:///mnt/c/Users/Admin/Documents/Laboratorio2(TO)/Persona.java. Output:
[0m
2026.09.09 12:22:14 INFO  no build target found for /mnt/c/Users/Admin/Documents/Laboratorio2(TO)/Persona.java. Using fallback presentation compiler.[0m
2026.09.09 12:22:14 INFO  no build target found for /mnt/c/Users/Admin/Documents/Laboratorio2(TO)/Persona.java. Using fallback presentation compiler.[0m
2026.09.09 12:22:14 WARN  Running javac-semanticdb failed for file:///mnt/c/Users/Admin/Documents/Laboratorio2(TO)/Persona.java. Output:
[0m
2026.09.09 12:22:14 INFO  no build target found for /mnt/c/Users/Admin/Documents/Laboratorio2(TO)/Persona.java. Using fallback presentation compiler.[0m
2026.09.09 12:22:15 INFO  no build target found for /mnt/c/Users/Admin/Documents/Laboratorio2(TO)/Persona.java. Using fallback presentation compiler.[0m
2026.09.09 12:22:15 INFO  no build target found for /mnt/c/Users/Admin/Documents/Laboratorio2(TO)/Persona.java. Using fallback presentation compiler.[0m
2026.09.09 12:22:15 WARN  Running javac-semanticdb failed for file:///mnt/c/Users/Admin/Documents/Laboratorio2(TO)/Persona.java. Output:
[0m
2026.09.09 12:22:15 INFO  no build target found for /mnt/c/Users/Admin/Documents/Laboratorio2(TO)/Persona.java. Using fallback presentation compiler.[0m
2026.09.09 12:22:17 INFO  no build target found for /mnt/c/Users/Admin/Documents/Laboratorio2(TO)/Persona.java. Using fallback presentation compiler.[0m
2026.09.09 12:22:19 INFO  no build target found for /mnt/c/Users/Admin/Documents/Laboratorio2(TO)/Persona.java. Using fallback presentation compiler.[0m
2026.09.09 12:22:20 INFO  no build target found for /mnt/c/Users/Admin/Documents/Laboratorio2(TO)/Persona.java. Using fallback presentation compiler.[0m
2026.09.09 12:22:20 INFO  no build target found for /mnt/c/Users/Admin/Documents/Laboratorio2(TO)/Persona.java. Using fallback presentation compiler.[0m
2026.09.09 12:22:20 INFO  no build target found for /mnt/c/Users/Admin/Documents/Laboratorio2(TO)/Persona.java. Using fallback presentation compiler.[0m
2026.09.09 12:22:30 INFO  no build target found for /mnt/c/Users/Admin/Documents/Laboratorio2(TO)/Persona.java. Using fallback presentation compiler.[0m
2026.09.09 12:22:30 INFO  no build target found for /mnt/c/Users/Admin/Documents/Laboratorio2(TO)/Persona.java. Using fallback presentation compiler.[0m
2026.09.09 12:22:31 INFO  no build target found for /mnt/c/Users/Admin/Documents/Laboratorio2(TO)/Persona.java. Using fallback presentation compiler.[0m
2026.09.09 12:22:30 INFO  no build target found for /mnt/c/Users/Admin/Documents/Laboratorio2(TO)/Persona.java. Using fallback presentation compiler.[0m
2026.09.09 12:22:31 INFO  no build target found for /mnt/c/Users/Admin/Documents/Laboratorio2(TO)/Persona.java. Using fallback presentation compiler.[0m
2026.09.09 12:22:31 WARN  no build target for: /mnt/c/Users/Admin/Documents/Laboratorio2(TO)/Persona.java[0m
2026.09.09 12:22:31 WARN  Running javac-semanticdb failed for file:///mnt/c/Users/Admin/Documents/Laboratorio2(TO)/Persona.java. Output:
[0m
2026.09.09 12:22:31 INFO  no build target found for /mnt/c/Users/Admin/Documents/Laboratorio2(TO)/Persona.java. Using fallback presentation compiler.[0m
2026.09.09 12:22:31 WARN  Running javac-semanticdb failed for file:///mnt/c/Users/Admin/Documents/Laboratorio2(TO)/Persona.java. Output:
[0m
2026.09.09 12:22:31 INFO  no build target found for /mnt/c/Users/Admin/Documents/Laboratorio2(TO)/Persona.java. Using fallback presentation compiler.[0m
2026.09.09 12:22:31 INFO  no build target found for /mnt/c/Users/Admin/Documents/Laboratorio2(TO)/Persona.java. Using fallback presentation compiler.[0m
2026.09.09 12:22:31 INFO  no build target found for /mnt/c/Users/Admin/Documents/Laboratorio2(TO)/Persona.java. Using fallback presentation compiler.[0m
2026.09.09 12:22:31 INFO  no build target found for /mnt/c/Users/Admin/Documents/Laboratorio2(TO)/Persona.java. Using fallback presentation compiler.[0m
2026.09.09 12:22:31 INFO  no build target found for /mnt/c/Users/Admin/Documents/Laboratorio2(TO)/Persona.java. Using fallback presentation compiler.[0m
2026.09.09 12:22:34 INFO  no build target found for /mnt/c/Users/Admin/Documents/Laboratorio2(TO)/Persona.java. Using fallback presentation compiler.[0m
2026.09.09 12:22:34 INFO  no build target found for /mnt/c/Users/Admin/Documents/Laboratorio2(TO)/Persona.java. Using fallback presentation compiler.[0m
2026.09.09 12:22:34 INFO  no build target found for /mnt/c/Users/Admin/Documents/Laboratorio2(TO)/Persona.java. Using fallback presentation compiler.[0m
2026.09.09 12:22:34 INFO  no build target found for /mnt/c/Users/Admin/Documents/Laboratorio2(TO)/Persona.java. Using fallback presentation compiler.[0m
2026.09.09 12:22:34 INFO  no build target found for /mnt/c/Users/Admin/Documents/Laboratorio2(TO)/Persona.java. Using fallback presentation compiler.[0m
2026.09.09 12:22:34 INFO  no build target found for /mnt/c/Users/Admin/Documents/Laboratorio2(TO)/Persona.java. Using fallback presentation compiler.[0m
2026.09.09 12:22:35 INFO  no build target found for /mnt/c/Users/Admin/Documents/Laboratorio2(TO)/Persona.java. Using fallback presentation compiler.[0m
2026.09.09 12:22:35 INFO  no build target found for /mnt/c/Users/Admin/Documents/Laboratorio2(TO)/Persona.java. Using fallback presentation compiler.[0m
2026.09.09 12:22:35 INFO  no build target found for /mnt/c/Users/Admin/Documents/Laboratorio2(TO)/Persona.java. Using fallback presentation compiler.[0m
2026.09.09 12:22:36 INFO  no build target found for /mnt/c/Users/Admin/Documents/Laboratorio2(TO)/Persona.java. Using fallback presentation compiler.[0m
2026.09.09 12:22:36 INFO  no build target found for /mnt/c/Users/Admin/Documents/Laboratorio2(TO)/Persona.java. Using fallback presentation compiler.[0m
2026.09.09 12:22:37 INFO  no build target found for /mnt/c/Users/Admin/Documents/Laboratorio2(TO)/Persona.java. Using fallback presentation compiler.[0m
2026.09.09 12:22:37 INFO  no build target found for /mnt/c/Users/Admin/Documents/Laboratorio2(TO)/Persona.java. Using fallback presentation compiler.[0m
2026.09.09 12:22:38 WARN  no build target for: /mnt/c/Users/Admin/Documents/Laboratorio2(TO)/Persona.java[0m
2026.09.09 12:22:38 INFO  no build target found for /mnt/c/Users/Admin/Documents/Laboratorio2(TO)/Persona.java. Using fallback presentation compiler.[0m
2026.09.09 12:22:44 INFO  no build target found for /mnt/c/Users/Admin/Documents/Laboratorio2(TO)/Persona.java. Using fallback presentation compiler.[0m
2026.09.09 12:22:44 INFO  no build target found for /mnt/c/Users/Admin/Documents/Laboratorio2(TO)/Persona.java. Using fallback presentation compiler.[0m
2026.09.09 12:22:44 INFO  no build target found for /mnt/c/Users/Admin/Documents/Laboratorio2(TO)/Persona.java. Using fallback presentation compiler.[0m
2026.09.09 12:22:45 INFO  no build target found for /mnt/c/Users/Admin/Documents/Laboratorio2(TO)/Persona.java. Using fallback presentation compiler.[0m
Sep 09, 2026 12:22:46 PM org.eclipse.lsp4j.jsonrpc.RemoteEndpoint handleCancellation
WARNING: Unmatched cancel notification for request id 1268
2026.09.09 12:22:46 INFO  no build target found for /mnt/c/Users/Admin/Documents/Laboratorio2(TO)/Persona.java. Using fallback presentation compiler.[0m
2026.09.09 12:23:13 WARN  no build target for: /mnt/c/Users/Admin/Documents/Laboratorio2(TO)/Persona.java[0m
2026.09.09 12:23:13 INFO  no build target found for /mnt/c/Users/Admin/Documents/Laboratorio2(TO)/Persona.java. Using fallback presentation compiler.[0m
2026.09.09 12:24:38 INFO  no build target found for /mnt/c/Users/Admin/Documents/Laboratorio2(TO)/Persona.java. Using fallback presentation compiler.[0m
Sep 09, 2026 12:24:38 PM org.eclipse.lsp4j.jsonrpc.RemoteEndpoint handleCancellation
WARNING: Unmatched cancel notification for request id 1279
2026.09.09 12:24:48 WARN  no build target for: /mnt/c/Users/Admin/Documents/Laboratorio2(TO)/Profesor.java[0m
2026.09.09 12:24:48 INFO  no build target found for /mnt/c/Users/Admin/Documents/Laboratorio2(TO)/Profesor.java. Using fallback presentation compiler.[0m
2026.09.09 12:24:52 INFO  no build target found for /mnt/c/Users/Admin/Documents/Laboratorio2(TO)/Profesor.java. Using fallback presentation compiler.[0m
2026.09.09 12:24:52 INFO  no build target found for /mnt/c/Users/Admin/Documents/Laboratorio2(TO)/Profesor.java. Using fallback presentation compiler.[0m
2026.09.09 12:24:53 INFO  no build target found for /mnt/c/Users/Admin/Documents/Laboratorio2(TO)/Profesor.java. Using fallback presentation compiler.[0m
2026.09.09 12:24:52 INFO  no build target found for /mnt/c/Users/Admin/Documents/Laboratorio2(TO)/Profesor.java. Using fallback presentation compiler.[0m
2026.09.09 12:24:53 WARN  Running javac-semanticdb failed for file:///mnt/c/Users/Admin/Documents/Laboratorio2(TO)/Profesor.java. Output:
[0m
2026.09.09 12:24:52 INFO  no build target found for /mnt/c/Users/Admin/Documents/Laboratorio2(TO)/Profesor.java. Using fallback presentation compiler.[0m
2026.09.09 12:24:52 INFO  no build target found for /mnt/c/Users/Admin/Documents/Laboratorio2(TO)/Profesor.java. Using fallback presentation compiler.[0m
2026.09.09 12:24:53 INFO  no build target found for /mnt/c/Users/Admin/Documents/Laboratorio2(TO)/Profesor.java. Using fallback presentation compiler.[0m
2026.09.09 12:24:52 INFO  no build target found for /mnt/c/Users/Admin/Documents/Laboratorio2(TO)/Profesor.java. Using fallback presentation compiler.[0m
2026.09.09 12:24:54 INFO  no build target found for /mnt/c/Users/Admin/Documents/Laboratorio2(TO)/Profesor.java. Using fallback presentation compiler.[0m
2026.09.09 12:24:54 WARN  Running javac-semanticdb failed for file:///mnt/c/Users/Admin/Documents/Laboratorio2(TO)/Profesor.java. Output:
[0m
2026.09.09 12:24:54 INFO  no build target found for /mnt/c/Users/Admin/Documents/Laboratorio2(TO)/Profesor.java. Using fallback presentation compiler.[0m
2026.09.09 12:24:54 INFO  no build target found for /mnt/c/Users/Admin/Documents/Laboratorio2(TO)/Profesor.java. Using fallback presentation compiler.[0m
2026.09.09 12:24:54 WARN  Running javac-semanticdb failed for file:///mnt/c/Users/Admin/Documents/Laboratorio2(TO)/Profesor.java. Output:
[0m
2026.09.09 12:24:57 INFO  no build target found for /mnt/c/Users/Admin/Documents/Laboratorio2(TO)/Profesor.java. Using fallback presentation compiler.[0m
2026.09.09 12:24:57 INFO  no build target found for /mnt/c/Users/Admin/Documents/Laboratorio2(TO)/Profesor.java. Using fallback presentation compiler.[0m
2026.09.09 12:24:57 INFO  no build target found for /mnt/c/Users/Admin/Documents/Laboratorio2(TO)/Profesor.java. Using fallback presentation compiler.[0m
2026.09.09 12:24:57 INFO  no build target found for /mnt/c/Users/Admin/Documents/Laboratorio2(TO)/Profesor.java. Using fallback presentation compiler.[0m
2026.09.09 12:24:57 WARN  Running javac-semanticdb failed for file:///mnt/c/Users/Admin/Documents/Laboratorio2(TO)/Profesor.java. Output:
[0m
2026.09.09 12:24:57 INFO  no build target found for /mnt/c/Users/Admin/Documents/Laboratorio2(TO)/Profesor.java. Using fallback presentation compiler.[0m
2026.09.09 12:24:57 INFO  no build target found for /mnt/c/Users/Admin/Documents/Laboratorio2(TO)/Profesor.java. Using fallback presentation compiler.[0m
2026.09.09 12:24:57 INFO  no build target found for /mnt/c/Users/Admin/Documents/Laboratorio2(TO)/Profesor.java. Using fallback presentation compiler.[0m
2026.09.09 12:24:57 WARN  Running javac-semanticdb failed for file:///mnt/c/Users/Admin/Documents/Laboratorio2(TO)/Profesor.java. Output:
[0m
2026.09.09 12:24:58 INFO  no build target found for /mnt/c/Users/Admin/Documents/Laboratorio2(TO)/Profesor.java. Using fallback presentation compiler.[0m
2026.09.09 12:24:58 INFO  no build target found for /mnt/c/Users/Admin/Documents/Laboratorio2(TO)/Profesor.java. Using fallback presentation compiler.[0m
2026.09.09 12:24:58 INFO  no build target found for /mnt/c/Users/Admin/Documents/Laboratorio2(TO)/Profesor.java. Using fallback presentation compiler.[0m
2026.09.09 12:24:58 WARN  Running javac-semanticdb failed for file:///mnt/c/Users/Admin/Documents/Laboratorio2(TO)/Profesor.java. Output:
[0m
2026.09.09 12:24:58 INFO  no build target found for /mnt/c/Users/Admin/Documents/Laboratorio2(TO)/Profesor.java. Using fallback presentation compiler.[0m
2026.09.09 12:24:58 INFO  no build target found for /mnt/c/Users/Admin/Documents/Laboratorio2(TO)/Profesor.java. Using fallback presentation compiler.[0m
2026.09.09 12:24:58 INFO  no build target found for /mnt/c/Users/Admin/Documents/Laboratorio2(TO)/Profesor.java. Using fallback presentation compiler.[0m
2026.09.09 12:24:59 INFO  no build target found for /mnt/c/Users/Admin/Documents/Laboratorio2(TO)/Profesor.java. Using fallback presentation compiler.[0m
2026.09.09 12:24:59 WARN  Running javac-semanticdb failed for file:///mnt/c/Users/Admin/Documents/Laboratorio2(TO)/Profesor.java. Output:
[0m
2026.09.09 12:24:58 INFO  no build target found for /mnt/c/Users/Admin/Documents/Laboratorio2(TO)/Profesor.java. Using fallback presentation compiler.[0m
2026.09.09 12:24:59 INFO  no build target found for /mnt/c/Users/Admin/Documents/Laboratorio2(TO)/Profesor.java. Using fallback presentation compiler.[0m
2026.09.09 12:24:58 WARN  Running javac-semanticdb failed for file:///mnt/c/Users/Admin/Documents/Laboratorio2(TO)/Profesor.java. Output:
[0m
2026.09.09 12:24:59 INFO  no build target found for /mnt/c/Users/Admin/Documents/Laboratorio2(TO)/Profesor.java. Using fallback presentation compiler.[0m
2026.09.09 12:24:59 INFO  no build target found for /mnt/c/Users/Admin/Documents/Laboratorio2(TO)/Profesor.java. Using fallback presentation compiler.[0m
2026.09.09 12:25:00 INFO  no build target found for /mnt/c/Users/Admin/Documents/Laboratorio2(TO)/Profesor.java. Using fallback presentation compiler.[0m
2026.09.09 12:25:00 WARN  Running javac-semanticdb failed for file:///mnt/c/Users/Admin/Documents/Laboratorio2(TO)/Profesor.java. Output:
[0m
2026.09.09 12:24:59 INFO  no build target found for /mnt/c/Users/Admin/Documents/Laboratorio2(TO)/Profesor.java. Using fallback presentation compiler.[0m
2026.09.09 12:25:00 INFO  no build target found for /mnt/c/Users/Admin/Documents/Laboratorio2(TO)/Profesor.java. Using fallback presentation compiler.[0m
2026.09.09 12:25:00 WARN  Running javac-semanticdb failed for file:///mnt/c/Users/Admin/Documents/Laboratorio2(TO)/Profesor.java. Output:
[0m
2026.09.09 12:25:00 INFO  no build target found for /mnt/c/Users/Admin/Documents/Laboratorio2(TO)/Profesor.java. Using fallback presentation compiler.[0m
2026.09.09 12:25:00 INFO  no build target found for /mnt/c/Users/Admin/Documents/Laboratorio2(TO)/Profesor.java. Using fallback presentation compiler.[0m
2026.09.09 12:25:00 INFO  no build target found for /mnt/c/Users/Admin/Documents/Laboratorio2(TO)/Profesor.java. Using fallback presentation compiler.[0m
2026.09.09 12:25:01 INFO  no build target found for /mnt/c/Users/Admin/Documents/Laboratorio2(TO)/Profesor.java. Using fallback presentation compiler.[0m
2026.09.09 12:25:01 WARN  Running javac-semanticdb failed for file:///mnt/c/Users/Admin/Documents/Laboratorio2(TO)/Profesor.java. Output:
[0m
2026.09.09 12:25:04 INFO  no build target found for /mnt/c/Users/Admin/Documents/Laboratorio2(TO)/Profesor.java. Using fallback presentation compiler.[0m
2026.09.09 12:25:04 INFO  no build target found for /mnt/c/Users/Admin/Documents/Laboratorio2(TO)/Profesor.java. Using fallback presentation compiler.[0m
2026.09.09 12:25:04 INFO  no build target found for /mnt/c/Users/Admin/Documents/Laboratorio2(TO)/Profesor.java. Using fallback presentation compiler.[0m
2026.09.09 12:25:04 INFO  no build target found for /mnt/c/Users/Admin/Documents/Laboratorio2(TO)/Profesor.java. Using fallback presentation compiler.[0m
2026.09.09 12:25:04 WARN  Running javac-semanticdb failed for file:///mnt/c/Users/Admin/Documents/Laboratorio2(TO)/Profesor.java. Output:
[0m
2026.09.09 12:25:04 INFO  no build target found for /mnt/c/Users/Admin/Documents/Laboratorio2(TO)/Profesor.java. Using fallback presentation compiler.[0m
Sep 09, 2026 12:25:05 PM org.eclipse.lsp4j.jsonrpc.RemoteEndpoint handleCancellation
WARNING: Unmatched cancel notification for request id 1388
2026.09.09 12:25:04 INFO  no build target found for /mnt/c/Users/Admin/Documents/Laboratorio2(TO)/Profesor.java. Using fallback presentation compiler.[0m
2026.09.09 12:25:04 INFO  no build target found for /mnt/c/Users/Admin/Documents/Laboratorio2(TO)/Profesor.java. Using fallback presentation compiler.[0m
2026.09.09 12:25:05 INFO  no build target found for /mnt/c/Users/Admin/Documents/Laboratorio2(TO)/Profesor.java. Using fallback presentation compiler.[0m
2026.09.09 12:25:05 INFO  no build target found for /mnt/c/Users/Admin/Documents/Laboratorio2(TO)/Profesor.java. Using fallback presentation compiler.[0m
2026.09.09 12:25:05 INFO  no build target found for /mnt/c/Users/Admin/Documents/Laboratorio2(TO)/Profesor.java. Using fallback presentation compiler.[0m
2026.09.09 12:25:05 INFO  no build target found for /mnt/c/Users/Admin/Documents/Laboratorio2(TO)/Profesor.java. Using fallback presentation compiler.[0m
2026.09.09 12:25:05 INFO  no build target found for /mnt/c/Users/Admin/Documents/Laboratorio2(TO)/Profesor.java. Using fallback presentation compiler.[0m
2026.09.09 12:25:05 INFO  no build target found for /mnt/c/Users/Admin/Documents/Laboratorio2(TO)/Profesor.java. Using fallback presentation compiler.[0m
2026.09.09 12:25:05 WARN  Running javac-semanticdb failed for file:///mnt/c/Users/Admin/Documents/Laboratorio2(TO)/Profesor.java. Output:
[0m
2026.09.09 12:25:05 INFO  no build target found for /mnt/c/Users/Admin/Documents/Laboratorio2(TO)/Profesor.java. Using fallback presentation compiler.[0m
2026.09.09 12:25:07 INFO  no build target found for /mnt/c/Users/Admin/Documents/Laboratorio2(TO)/Profesor.java. Using fallback presentation compiler.[0m
2026.09.09 12:25:07 INFO  no build target found for /mnt/c/Users/Admin/Documents/Laboratorio2(TO)/Profesor.java. Using fallback presentation compiler.[0m
2026.09.09 12:25:07 WARN  Running javac-semanticdb failed for file:///mnt/c/Users/Admin/Documents/Laboratorio2(TO)/Profesor.java. Output:
[0m
2026.09.09 12:25:07 INFO  no build target found for /mnt/c/Users/Admin/Documents/Laboratorio2(TO)/Profesor.java. Using fallback presentation compiler.[0m
2026.09.09 12:25:07 INFO  no build target found for /mnt/c/Users/Admin/Documents/Laboratorio2(TO)/Profesor.java. Using fallback presentation compiler.[0m
2026.09.09 12:25:07 INFO  no build target found for /mnt/c/Users/Admin/Documents/Laboratorio2(TO)/Profesor.java. Using fallback presentation compiler.[0m
2026.09.09 12:25:08 INFO  no build target found for /mnt/c/Users/Admin/Documents/Laboratorio2(TO)/Profesor.java. Using fallback presentation compiler.[0m
2026.09.09 12:25:07 INFO  no build target found for /mnt/c/Users/Admin/Documents/Laboratorio2(TO)/Profesor.java. Using fallback presentation compiler.[0m
2026.09.09 12:25:08 WARN  Running javac-semanticdb failed for file:///mnt/c/Users/Admin/Documents/Laboratorio2(TO)/Profesor.java. Output:
[0m
2026.09.09 12:25:07 INFO  no build target found for /mnt/c/Users/Admin/Documents/Laboratorio2(TO)/Profesor.java. Using fallback presentation compiler.[0m
2026.09.09 12:25:07 INFO  no build target found for /mnt/c/Users/Admin/Documents/Laboratorio2(TO)/Profesor.java. Using fallback presentation compiler.[0m
2026.09.09 12:25:08 INFO  no build target found for /mnt/c/Users/Admin/Documents/Laboratorio2(TO)/Profesor.java. Using fallback presentation compiler.[0m
2026.09.09 12:25:08 INFO  no build target found for /mnt/c/Users/Admin/Documents/Laboratorio2(TO)/Profesor.java. Using fallback presentation compiler.[0m
2026.09.09 12:25:08 INFO  no build target found for /mnt/c/Users/Admin/Documents/Laboratorio2(TO)/Profesor.java. Using fallback presentation compiler.[0m
2026.09.09 12:25:08 INFO  no build target found for /mnt/c/Users/Admin/Documents/Laboratorio2(TO)/Profesor.java. Using fallback presentation compiler.[0m
2026.09.09 12:25:08 WARN  Running javac-semanticdb failed for file:///mnt/c/Users/Admin/Documents/Laboratorio2(TO)/Profesor.java. Output:
[0m
2026.09.09 12:25:08 INFO  no build target found for /mnt/c/Users/Admin/Documents/Laboratorio2(TO)/Profesor.java. Using fallback presentation compiler.[0m
2026.09.09 12:25:08 INFO  no build target found for /mnt/c/Users/Admin/Documents/Laboratorio2(TO)/Profesor.java. Using fallback presentation compiler.[0m
2026.09.09 12:25:08 INFO  no build target found for /mnt/c/Users/Admin/Documents/Laboratorio2(TO)/Profesor.java. Using fallback presentation compiler.[0m
2026.09.09 12:25:08 INFO  no build target found for /mnt/c/Users/Admin/Documents/Laboratorio2(TO)/Profesor.java. Using fallback presentation compiler.[0m
2026.09.09 12:25:09 INFO  no build target found for /mnt/c/Users/Admin/Documents/Laboratorio2(TO)/Profesor.java. Using fallback presentation compiler.[0m
2026.09.09 12:25:09 INFO  no build target found for /mnt/c/Users/Admin/Documents/Laboratorio2(TO)/Profesor.java. Using fallback presentation compiler.[0m
2026.09.09 12:25:09 INFO  no build target found for /mnt/c/Users/Admin/Documents/Laboratorio2(TO)/Profesor.java. Using fallback presentation compiler.[0m
2026.09.09 12:25:09 INFO  no build target found for /mnt/c/Users/Admin/Documents/Laboratorio2(TO)/Profesor.java. Using fallback presentation compiler.[0m
2026.09.09 12:25:09 INFO  no build target found for /mnt/c/Users/Admin/Documents/Laboratorio2(TO)/Profesor.java. Using fallback presentation compiler.[0m
2026.09.09 12:25:09 INFO  no build target found for /mnt/c/Users/Admin/Documents/Laboratorio2(TO)/Profesor.java. Using fallback presentation compiler.[0m
2026.09.09 12:25:09 INFO  no build target found for /mnt/c/Users/Admin/Documents/Laboratorio2(TO)/Profesor.java. Using fallback presentation compiler.[0m
2026.09.09 12:25:10 INFO  no build target found for /mnt/c/Users/Admin/Documents/Laboratorio2(TO)/Profesor.java. Using fallback presentation compiler.[0m
2026.09.09 12:25:09 INFO  no build target found for /mnt/c/Users/Admin/Documents/Laboratorio2(TO)/Profesor.java. Using fallback presentation compiler.[0m
2026.09.09 12:25:09 INFO  no build target found for /mnt/c/Users/Admin/Documents/Laboratorio2(TO)/Profesor.java. Using fallback presentation compiler.[0m
2026.09.09 12:25:10 INFO  no build target found for /mnt/c/Users/Admin/Documents/Laboratorio2(TO)/Profesor.java. Using fallback presentation compiler.[0m
2026.09.09 12:25:10 INFO  no build target found for /mnt/c/Users/Admin/Documents/Laboratorio2(TO)/Profesor.java. Using fallback presentation compiler.[0m
2026.09.09 12:25:10 WARN  Running javac-semanticdb failed for file:///mnt/c/Users/Admin/Documents/Laboratorio2(TO)/Profesor.java. Output:
[0m
2026.09.09 12:25:10 INFO  no build target found for /mnt/c/Users/Admin/Documents/Laboratorio2(TO)/Profesor.java. Using fallback presentation compiler.[0m
2026.09.09 12:25:10 INFO  no build target found for /mnt/c/Users/Admin/Documents/Laboratorio2(TO)/Profesor.java. Using fallback presentation compiler.[0m
2026.09.09 12:25:10 WARN  Running javac-semanticdb failed for file:///mnt/c/Users/Admin/Documents/Laboratorio2(TO)/Profesor.java. Output:
[0m
Sep 09, 2026 12:25:10 PM org.eclipse.lsp4j.jsonrpc.RemoteEndpoint handleCancellation
WARNING: Unmatched cancel notification for request id 1452
2026.09.09 12:25:10 INFO  no build target found for /mnt/c/Users/Admin/Documents/Laboratorio2(TO)/Profesor.java. Using fallback presentation compiler.[0m
2026.09.09 12:25:11 INFO  no build target found for /mnt/c/Users/Admin/Documents/Laboratorio2(TO)/Profesor.java. Using fallback presentation compiler.[0m
2026.09.09 12:25:10 INFO  no build target found for /mnt/c/Users/Admin/Documents/Laboratorio2(TO)/Profesor.java. Using fallback presentation compiler.[0m
2026.09.09 12:25:10 INFO  no build target found for /mnt/c/Users/Admin/Documents/Laboratorio2(TO)/Profesor.java. Using fallback presentation compiler.[0m
2026.09.09 12:25:11 INFO  no build target found for /mnt/c/Users/Admin/Documents/Laboratorio2(TO)/Profesor.java. Using fallback presentation compiler.[0m
2026.09.09 12:25:11 INFO  no build target found for /mnt/c/Users/Admin/Documents/Laboratorio2(TO)/Profesor.java. Using fallback presentation compiler.[0m
2026.09.09 12:25:11 INFO  no build target found for /mnt/c/Users/Admin/Documents/Laboratorio2(TO)/Profesor.java. Using fallback presentation compiler.[0m
2026.09.09 12:25:11 INFO  no build target found for /mnt/c/Users/Admin/Documents/Laboratorio2(TO)/Profesor.java. Using fallback presentation compiler.[0m
2026.09.09 12:25:11 INFO  no build target found for /mnt/c/Users/Admin/Documents/Laboratorio2(TO)/Profesor.java. Using fallback presentation compiler.[0m
2026.09.09 12:25:11 INFO  no build target found for /mnt/c/Users/Admin/Documents/Laboratorio2(TO)/Profesor.java. Using fallback presentation compiler.[0m
2026.09.09 12:25:11 INFO  no build target found for /mnt/c/Users/Admin/Documents/Laboratorio2(TO)/Profesor.java. Using fallback presentation compiler.[0m
2026.09.09 12:25:12 INFO  no build target found for /mnt/c/Users/Admin/Documents/Laboratorio2(TO)/Profesor.java. Using fallback presentation compiler.[0m
2026.09.09 12:25:11 INFO  no build target found for /mnt/c/Users/Admin/Documents/Laboratorio2(TO)/Profesor.java. Using fallback presentation compiler.[0m
2026.09.09 12:25:12 WARN  Running javac-semanticdb failed for file:///mnt/c/Users/Admin/Documents/Laboratorio2(TO)/Profesor.java. Output:
[0m
2026.09.09 12:25:12 INFO  no build target found for /mnt/c/Users/Admin/Documents/Laboratorio2(TO)/Profesor.java. Using fallback presentation compiler.[0m
2026.09.09 12:25:13 WARN  Running javac-semanticdb failed for file:///mnt/c/Users/Admin/Documents/Laboratorio2(TO)/Profesor.java. Output:
[0m
2026.09.09 12:25:13 INFO  no build target found for /mnt/c/Users/Admin/Documents/Laboratorio2(TO)/Profesor.java. Using fallback presentation compiler.[0m
2026.09.09 12:25:12 INFO  no build target found for /mnt/c/Users/Admin/Documents/Laboratorio2(TO)/Profesor.java. Using fallback presentation compiler.[0m
2026.09.09 12:25:13 INFO  no build target found for /mnt/c/Users/Admin/Documents/Laboratorio2(TO)/Profesor.java. Using fallback presentation compiler.[0m
2026.09.09 12:25:13 INFO  no build target found for /mnt/c/Users/Admin/Documents/Laboratorio2(TO)/Profesor.java. Using fallback presentation compiler.[0m
2026.09.09 12:25:14 WARN  Running javac-semanticdb failed for file:///mnt/c/Users/Admin/Documents/Laboratorio2(TO)/Profesor.java. Output:
[0m
2026.09.09 12:26:03 INFO  no build target found for /mnt/c/Users/Admin/Documents/Laboratorio2(TO)/Profesor.java. Using fallback presentation compiler.[0m
2026.09.09 12:26:03 INFO  no build target found for /mnt/c/Users/Admin/Documents/Laboratorio2(TO)/Profesor.java. Using fallback presentation compiler.[0m
2026.09.09 12:26:03 WARN  Running javac-semanticdb failed for file:///mnt/c/Users/Admin/Documents/Laboratorio2(TO)/Profesor.java. Output:
[0m
2026.09.09 12:26:03 INFO  no build target found for /mnt/c/Users/Admin/Documents/Laboratorio2(TO)/Profesor.java. Using fallback presentation compiler.[0m
2026.09.09 12:26:04 INFO  no build target found for /mnt/c/Users/Admin/Documents/Laboratorio2(TO)/Profesor.java. Using fallback presentation compiler.[0m
2026.09.09 12:26:04 INFO  no build target found for /mnt/c/Users/Admin/Documents/Laboratorio2(TO)/Profesor.java. Using fallback presentation compiler.[0m
2026.09.09 12:26:05 INFO  no build target found for /mnt/c/Users/Admin/Documents/Laboratorio2(TO)/Profesor.java. Using fallback presentation compiler.[0m
2026.09.09 12:26:05 INFO  no build target found for /mnt/c/Users/Admin/Documents/Laboratorio2(TO)/Profesor.java. Using fallback presentation compiler.[0m
2026.09.09 12:26:06 INFO  no build target found for /mnt/c/Users/Admin/Documents/Laboratorio2(TO)/Profesor.java. Using fallback presentation compiler.[0m
2026.09.09 12:26:06 INFO  no build target found for /mnt/c/Users/Admin/Documents/Laboratorio2(TO)/Profesor.java. Using fallback presentation compiler.[0m
2026.09.09 12:26:08 INFO  no build target found for /mnt/c/Users/Admin/Documents/Laboratorio2(TO)/Profesor.java. Using fallback presentation compiler.[0m
2026.09.09 12:26:08 INFO  no build target found for /mnt/c/Users/Admin/Documents/Laboratorio2(TO)/Profesor.java. Using fallback presentation compiler.[0m
2026.09.09 12:26:08 INFO  no build target found for /mnt/c/Users/Admin/Documents/Laboratorio2(TO)/Profesor.java. Using fallback presentation compiler.[0m
2026.09.09 12:26:08 WARN  Running javac-semanticdb failed for file:///mnt/c/Users/Admin/Documents/Laboratorio2(TO)/Profesor.java. Output:
[0m
2026.09.09 12:26:17 INFO  no build target found for /mnt/c/Users/Admin/Documents/Laboratorio2(TO)/Profesor.java. Using fallback presentation compiler.[0m
2026.09.09 12:26:17 INFO  no build target found for /mnt/c/Users/Admin/Documents/Laboratorio2(TO)/Profesor.java. Using fallback presentation compiler.[0m
2026.09.09 12:26:17 WARN  Running javac-semanticdb failed for file:///mnt/c/Users/Admin/Documents/Laboratorio2(TO)/Profesor.java. Output:
[0m
2026.09.09 12:26:17 INFO  no build target found for /mnt/c/Users/Admin/Documents/Laboratorio2(TO)/Profesor.java. Using fallback presentation compiler.[0m
2026.09.09 12:26:18 INFO  no build target found for /mnt/c/Users/Admin/Documents/Laboratorio2(TO)/Profesor.java. Using fallback presentation compiler.[0m
2026.09.09 12:26:19 WARN  Running javac-semanticdb failed for file:///mnt/c/Users/Admin/Documents/Laboratorio2(TO)/Profesor.java. Output:
[0m
2026.09.09 12:26:19 INFO  no build target found for /mnt/c/Users/Admin/Documents/Laboratorio2(TO)/Profesor.java. Using fallback presentation compiler.[0m
2026.09.09 12:26:20 WARN  no build target for: /mnt/c/Users/Admin/Documents/Laboratorio2(TO)/Profesor.java[0m
2026.09.09 12:26:20 INFO  no build target found for /mnt/c/Users/Admin/Documents/Laboratorio2(TO)/Profesor.java. Using fallback presentation compiler.[0m
2026.09.09 12:26:23 INFO  no build target found for /mnt/c/Users/Admin/Documents/Laboratorio2(TO)/Profesor.java. Using fallback presentation compiler.[0m
2026.09.09 12:26:23 INFO  no build target found for /mnt/c/Users/Admin/Documents/Laboratorio2(TO)/Profesor.java. Using fallback presentation compiler.[0m
2026.09.09 12:26:24 INFO  no build target found for /mnt/c/Users/Admin/Documents/Laboratorio2(TO)/Profesor.java. Using fallback presentation compiler.[0m
2026.09.09 12:26:24 INFO  no build target found for /mnt/c/Users/Admin/Documents/Laboratorio2(TO)/Profesor.java. Using fallback presentation compiler.[0m
2026.09.09 12:26:24 INFO  no build target found for /mnt/c/Users/Admin/Documents/Laboratorio2(TO)/Profesor.java. Using fallback presentation compiler.[0m
2026.09.09 12:26:39 INFO  no build target found for /mnt/c/Users/Admin/Documents/Laboratorio2(TO)/Profesor.java. Using fallback presentation compiler.[0m
2026.09.09 12:26:39 INFO  no build target found for /mnt/c/Users/Admin/Documents/Laboratorio2(TO)/Profesor.java. Using fallback presentation compiler.[0m
2026.09.09 12:26:39 INFO  no build target found for /mnt/c/Users/Admin/Documents/Laboratorio2(TO)/Profesor.java. Using fallback presentation compiler.[0m
2026.09.09 12:26:40 INFO  no build target found for /mnt/c/Users/Admin/Documents/Laboratorio2(TO)/Profesor.java. Using fallback presentation compiler.[0m
2026.09.09 12:26:41 INFO  no build target found for /mnt/c/Users/Admin/Documents/Laboratorio2(TO)/Profesor.java. Using fallback presentation compiler.[0m
2026.09.09 12:27:01 INFO  no build target found for /mnt/c/Users/Admin/Documents/Laboratorio2(TO)/Profesor.java. Using fallback presentation compiler.[0m
2026.09.09 12:27:01 INFO  no build target found for /mnt/c/Users/Admin/Documents/Laboratorio2(TO)/Profesor.java. Using fallback presentation compiler.[0m
2026.09.09 12:27:02 INFO  no build target found for /mnt/c/Users/Admin/Documents/Laboratorio2(TO)/Profesor.java. Using fallback presentation compiler.[0m
2026.09.09 12:27:02 INFO  no build target found for /mnt/c/Users/Admin/Documents/Laboratorio2(TO)/Profesor.java. Using fallback presentation compiler.[0m
2026.09.09 12:27:02 INFO  no build target found for /mnt/c/Users/Admin/Documents/Laboratorio2(TO)/Profesor.java. Using fallback presentation compiler.[0m
2026.09.09 12:27:02 INFO  no build target found for /mnt/c/Users/Admin/Documents/Laboratorio2(TO)/Profesor.java. Using fallback presentation compiler.[0m
2026.09.09 12:27:04 INFO  no build target found for /mnt/c/Users/Admin/Documents/Laboratorio2(TO)/Profesor.java. Using fallback presentation compiler.[0m
2026.09.09 12:27:07 INFO  no build target found for /mnt/c/Users/Admin/Documents/Laboratorio2(TO)/Profesor.java. Using fallback presentation compiler.[0m
2026.09.09 12:27:07 INFO  no build target found for /mnt/c/Users/Admin/Documents/Laboratorio2(TO)/Profesor.java. Using fallback presentation compiler.[0m
2026.09.09 12:27:07 INFO  no build target found for /mnt/c/Users/Admin/Documents/Laboratorio2(TO)/Profesor.java. Using fallback presentation compiler.[0m
2026.09.09 12:27:09 INFO  no build target found for /mnt/c/Users/Admin/Documents/Laboratorio2(TO)/Profesor.java. Using fallback presentation compiler.[0m
2026.09.09 12:27:28 INFO  no build target found for /mnt/c/Users/Admin/Documents/Laboratorio2(TO)/Profesor.java. Using fallback presentation compiler.[0m
2026.09.09 12:27:29 INFO  no build target found for /mnt/c/Users/Admin/Documents/Laboratorio2(TO)/Profesor.java. Using fallback presentation compiler.[0m
2026.09.09 12:27:30 INFO  no build target found for /mnt/c/Users/Admin/Documents/Laboratorio2(TO)/Profesor.java. Using fallback presentation compiler.[0m
2026.09.09 12:27:32 INFO  no build target found for /mnt/c/Users/Admin/Documents/Laboratorio2(TO)/Profesor.java. Using fallback presentation compiler.[0m
2026.09.09 12:27:32 INFO  no build target found for /mnt/c/Users/Admin/Documents/Laboratorio2(TO)/Profesor.java. Using fallback presentation compiler.[0m
2026.09.09 12:27:33 INFO  no build target found for /mnt/c/Users/Admin/Documents/Laboratorio2(TO)/Profesor.java. Using fallback presentation compiler.[0m
2026.09.09 12:27:41 INFO  no build target found for /mnt/c/Users/Admin/Documents/Laboratorio2(TO)/Profesor.java. Using fallback presentation compiler.[0m
2026.09.09 12:27:41 INFO  no build target found for /mnt/c/Users/Admin/Documents/Laboratorio2(TO)/Profesor.java. Using fallback presentation compiler.[0m
2026.09.09 12:28:36 INFO  no build target found for /mnt/c/Users/Admin/Documents/Laboratorio2(TO)/Profesor.java. Using fallback presentation compiler.[0m
2026.09.09 12:28:36 INFO  no build target found for /mnt/c/Users/Admin/Documents/Laboratorio2(TO)/Profesor.java. Using fallback presentation compiler.[0m
2026.09.09 12:28:36 INFO  no build target found for /mnt/c/Users/Admin/Documents/Laboratorio2(TO)/Profesor.java. Using fallback presentation compiler.[0m
2026.09.09 12:28:36 INFO  no build target found for /mnt/c/Users/Admin/Documents/Laboratorio2(TO)/Profesor.java. Using fallback presentation compiler.[0m
2026.09.09 12:28:43 INFO  no build target found for /mnt/c/Users/Admin/Documents/Laboratorio2(TO)/Profesor.java. Using fallback presentation compiler.[0m
2026.09.09 12:28:44 INFO  no build target found for /mnt/c/Users/Admin/Documents/Laboratorio2(TO)/Profesor.java. Using fallback presentation compiler.[0m
2026.09.09 12:28:44 INFO  no build target found for /mnt/c/Users/Admin/Documents/Laboratorio2(TO)/Profesor.java. Using fallback presentation compiler.[0m
2026.09.09 12:28:44 INFO  no build target found for /mnt/c/Users/Admin/Documents/Laboratorio2(TO)/Profesor.java. Using fallback presentation compiler.[0m
2026.09.09 12:28:45 INFO  no build target found for /mnt/c/Users/Admin/Documents/Laboratorio2(TO)/Profesor.java. Using fallback presentation compiler.[0m
2026.09.09 12:28:45 INFO  no build target found for /mnt/c/Users/Admin/Documents/Laboratorio2(TO)/Profesor.java. Using fallback presentation compiler.[0m
2026.09.09 12:28:45 INFO  no build target found for /mnt/c/Users/Admin/Documents/Laboratorio2(TO)/Profesor.java. Using fallback presentation compiler.[0m
2026.09.09 12:28:45 INFO  no build target found for /mnt/c/Users/Admin/Documents/Laboratorio2(TO)/Profesor.java. Using fallback presentation compiler.[0m
Sep 09, 2026 12:28:46 PM org.eclipse.lsp4j.jsonrpc.RemoteEndpoint handleCancellation
WARNING: Unmatched cancel notification for request id 1608
2026.09.09 12:28:46 INFO  no build target found for /mnt/c/Users/Admin/Documents/Laboratorio2(TO)/Profesor.java. Using fallback presentation compiler.[0m
2026.09.09 12:28:47 INFO  no build target found for /mnt/c/Users/Admin/Documents/Laboratorio2(TO)/Profesor.java. Using fallback presentation compiler.[0m
2026.09.09 12:28:46 INFO  no build target found for /mnt/c/Users/Admin/Documents/Laboratorio2(TO)/Profesor.java. Using fallback presentation compiler.[0m
2026.09.09 12:28:46 INFO  no build target found for /mnt/c/Users/Admin/Documents/Laboratorio2(TO)/Profesor.java. Using fallback presentation compiler.[0m
2026.09.09 12:28:47 INFO  no build target found for /mnt/c/Users/Admin/Documents/Laboratorio2(TO)/Profesor.java. Using fallback presentation compiler.[0m
2026.09.09 12:28:46 INFO  no build target found for /mnt/c/Users/Admin/Documents/Laboratorio2(TO)/Profesor.java. Using fallback presentation compiler.[0m
Sep 09, 2026 12:28:47 PM org.eclipse.lsp4j.jsonrpc.RemoteEndpoint handleCancellation
WARNING: Unmatched cancel notification for request id 1616
2026.09.09 12:28:46 INFO  no build target found for /mnt/c/Users/Admin/Documents/Laboratorio2(TO)/Profesor.java. Using fallback presentation compiler.[0m
2026.09.09 12:28:46 INFO  no build target found for /mnt/c/Users/Admin/Documents/Laboratorio2(TO)/Profesor.java. Using fallback presentation compiler.[0m
2026.09.09 12:28:47 INFO  no build target found for /mnt/c/Users/Admin/Documents/Laboratorio2(TO)/Profesor.java. Using fallback presentation compiler.[0m
2026.09.09 12:28:49 INFO  no build target found for /mnt/c/Users/Admin/Documents/Laboratorio2(TO)/Profesor.java. Using fallback presentation compiler.[0m
2026.09.09 12:28:50 INFO  no build target found for /mnt/c/Users/Admin/Documents/Laboratorio2(TO)/Profesor.java. Using fallback presentation compiler.[0m
2026.09.09 12:28:50 INFO  no build target found for /mnt/c/Users/Admin/Documents/Laboratorio2(TO)/Profesor.java. Using fallback presentation compiler.[0m
2026.09.09 12:28:50 INFO  no build target found for /mnt/c/Users/Admin/Documents/Laboratorio2(TO)/Profesor.java. Using fallback presentation compiler.[0m
2026.09.09 12:28:50 INFO  no build target found for /mnt/c/Users/Admin/Documents/Laboratorio2(TO)/Profesor.java. Using fallback presentation compiler.[0m
2026.09.09 12:28:52 INFO  no build target found for /mnt/c/Users/Admin/Documents/Laboratorio2(TO)/Profesor.java. Using fallback presentation compiler.[0m
2026.09.09 12:28:52 INFO  no build target found for /mnt/c/Users/Admin/Documents/Laboratorio2(TO)/Profesor.java. Using fallback presentation compiler.[0m
2026.09.09 12:28:53 INFO  no build target found for /mnt/c/Users/Admin/Documents/Laboratorio2(TO)/Profesor.java. Using fallback presentation compiler.[0m
2026.09.09 12:28:53 INFO  no build target found for /mnt/c/Users/Admin/Documents/Laboratorio2(TO)/Profesor.java. Using fallback presentation compiler.[0m
2026.09.09 12:28:55 INFO  no build target found for /mnt/c/Users/Admin/Documents/Laboratorio2(TO)/Profesor.java. Using fallback presentation compiler.[0m
2026.09.09 12:28:55 INFO  no build target found for /mnt/c/Users/Admin/Documents/Laboratorio2(TO)/Profesor.java. Using fallback presentation compiler.[0m
2026.09.09 12:28:55 INFO  no build target found for /mnt/c/Users/Admin/Documents/Laboratorio2(TO)/Profesor.java. Using fallback presentation compiler.[0m
2026.09.09 12:28:55 INFO  no build target found for /mnt/c/Users/Admin/Documents/Laboratorio2(TO)/Profesor.java. Using fallback presentation compiler.[0m
2026.09.09 12:28:55 INFO  no build target found for /mnt/c/Users/Admin/Documents/Laboratorio2(TO)/Profesor.java. Using fallback presentation compiler.[0m
2026.09.09 12:28:55 INFO  no build target found for /mnt/c/Users/Admin/Documents/Laboratorio2(TO)/Profesor.java. Using fallback presentation compiler.[0m
2026.09.09 12:28:5656 PM org.eclipse.lsp4j.jsonrpc.RemoteEndpoint handleCancellation
WARNING: Unmatched cancel notification for request id 1645
 INFO  no build target found for /mnt/c/Users/Admin/Documents/Laboratorio2(TO)/Profesor.java. Using fallback presentation compiler.[0m
2026.09.09 12:28:55 INFO  no build target found for /mnt/c/Users/Admin/Documents/Laboratorio2(TO)/Profesor.java. Using fallback presentation compiler.[0m
2026.09.09 12:28:55 INFO  no build target found for /mnt/c/Users/Admin/Documents/Laboratorio2(TO)/Profesor.java. Using fallback presentation compiler.[0m
2026.09.09 12:28:56 INFO  no build target found for /mnt/c/Users/Admin/Documents/Laboratorio2(TO)/Profesor.java. Using fallback presentation compiler.[0m
2026.09.09 12:28:55 INFO  no build target found for /mnt/c/Users/Admin/Documents/Laboratorio2(TO)/Profesor.java. Using fallback presentation compiler.[0m
2026.09.09 12:28:56 INFO  no build target found for /mnt/c/Users/Admin/Documents/Laboratorio2(TO)/Profesor.java. Using fallback presentation compiler.[0m
2026.09.09 12:28:56 INFO  no build target found for /mnt/c/Users/Admin/Documents/Laboratorio2(TO)/Profesor.java. Using fallback presentation compiler.[0m
2026.09.09 12:28:56 INFO  no build target found for /mnt/c/Users/Admin/Documents/Laboratorio2(TO)/Profesor.java. Using fallback presentation compiler.[0m
Sep 09, 2026 12:28:57 PM org.eclipse.lsp4j.jsonrpc.RemoteEndpoint handleCancellation
WARNING: Unmatched cancel notification for request id 1660
2026.09.09 12:28:57 INFO  no build target found for /mnt/c/Users/Admin/Documents/Laboratorio2(TO)/Profesor.java. Using fallback presentation compiler.[0m
2026.09.09 12:28:59 INFO  no build target found for /mnt/c/Users/Admin/Documents/Laboratorio2(TO)/Profesor.java. Using fallback presentation compiler.[0m
2026.09.09 12:28:59 INFO  no build target found for /mnt/c/Users/Admin/Documents/Laboratorio2(TO)/Profesor.java. Using fallback presentation compiler.[0m
2026.09.09 12:29:00 INFO  no build target found for /mnt/c/Users/Admin/Documents/Laboratorio2(TO)/Profesor.java. Using fallback presentation compiler.[0m
2026.09.09 12:29:00 INFO  no build target found for /mnt/c/Users/Admin/Documents/Laboratorio2(TO)/Profesor.java. Using fallback presentation compiler.[0m
2026.09.09 12:29:00 INFO  no build target found for /mnt/c/Users/Admin/Documents/Laboratorio2(TO)/Profesor.java. Using fallback presentation compiler.[0m
2026.09.09 12:29:00 INFO  no build target found for /mnt/c/Users/Admin/Documents/Laboratorio2(TO)/Profesor.java. Using fallback presentation compiler.[0m
2026.09.09 12:29:00 INFO  no build target found for /mnt/c/Users/Admin/Documents/Laboratorio2(TO)/Profesor.java. Using fallback presentation compiler.[0m
2026.09.09 12:29:01 INFO  no build target found for /mnt/c/Users/Admin/Documents/Laboratorio2(TO)/Profesor.java. Using fallback presentation compiler.[0m
2026.09.09 12:29:00 INFO  no build target found for /mnt/c/Users/Admin/Documents/Laboratorio2(TO)/Profesor.java. Using fallback presentation compiler.[0m
2026.09.09 12:29:00 INFO  no build target found for /mnt/c/Users/Admin/Documents/Laboratorio2(TO)/Profesor.java. Using fallback presentation compiler.[0m
2026.09.09 12:29:00 INFO  no build target found for /mnt/c/Users/Admin/Documents/Laboratorio2(TO)/Profesor.java. Using fallback presentation compiler.[0m
2026.09.09 12:29:03 INFO  no build target found for /mnt/c/Users/Admin/Documents/Laboratorio2(TO)/Profesor.java. Using fallback presentation compiler.[0m
2026.09.09 12:29:03 INFO  no build target found for /mnt/c/Users/Admin/Documents/Laboratorio2(TO)/Profesor.java. Using fallback presentation compiler.[0m
2026.09.09 12:29:03 INFO  no build target found for /mnt/c/Users/Admin/Documents/Laboratorio2(TO)/Profesor.java. Using fallback presentation compiler.[0m
2026.09.09 12:29:10 INFO  no build target found for /mnt/c/Users/Admin/Documents/Laboratorio2(TO)/Profesor.java. Using fallback presentation compiler.[0m
2026.09.09 12:29:13 INFO  no build target found for /mnt/c/Users/Admin/Documents/Laboratorio2(TO)/Profesor.java. Using fallback presentation compiler.[0m
2026.09.09 12:29:13 INFO  no build target found for /mnt/c/Users/Admin/Documents/Laboratorio2(TO)/Profesor.java. Using fallback presentation compiler.[0m
2026.09.09 12:29:15 INFO  no build target found for /mnt/c/Users/Admin/Documents/Laboratorio2(TO)/Profesor.java. Using fallback presentation compiler.[0m
2026.09.09 12:29:15 INFO  no build target found for /mnt/c/Users/Admin/Documents/Laboratorio2(TO)/Profesor.java. Using fallback presentation compiler.[0m
2026.09.09 12:29:17 INFO  no build target found for /mnt/c/Users/Admin/Documents/Laboratorio2(TO)/Profesor.java. Using fallback presentation compiler.[0m
2026.09.09 12:29:17 INFO  no build target found for /mnt/c/Users/Admin/Documents/Laboratorio2(TO)/Profesor.java. Using fallback presentation compiler.[0m
2026.09.09 12:29:17 INFO  no build target found for /mnt/c/Users/Admin/Documents/Laboratorio2(TO)/Profesor.java. Using fallback presentation compiler.[0m
2026.09.09 12:29:18 INFO  no build target found for /mnt/c/Users/Admin/Documents/Laboratorio2(TO)/Profesor.java. Using fallback presentation compiler.[0m
2026.09.09 12:29:18 INFO  no build target found for /mnt/c/Users/Admin/Documents/Laboratorio2(TO)/Profesor.java. Using fallback presentation compiler.[0m
2026.09.09 12:29:18 INFO  no build target found for /mnt/c/Users/Admin/Documents/Laboratorio2(TO)/Profesor.java. Using fallback presentation compiler.[0m
2026.09.09 12:29:18 INFO  no build target found for /mnt/c/Users/Admin/Documents/Laboratorio2(TO)/Profesor.java. Using fallback presentation compiler.[0m
2026.09.09 12:29:20 INFO  no build target found for /mnt/c/Users/Admin/Documents/Laboratorio2(TO)/Profesor.java. Using fallback presentation compiler.[0m
2026.09.09 12:29:20 INFO  no build target found for /mnt/c/Users/Admin/Documents/Laboratorio2(TO)/Profesor.java. Using fallback presentation compiler.[0m
2026.09.09 12:29:20 INFO  no build target found for /mnt/c/Users/Admin/Documents/Laboratorio2(TO)/Profesor.java. Using fallback presentation compiler.[0m
2026.09.09 12:29:21 INFO  no build target found for /mnt/c/Users/Admin/Documents/Laboratorio2(TO)/Profesor.java. Using fallback presentation compiler.[0m
2026.09.09 12:29:21 INFO  no build target found for /mnt/c/Users/Admin/Documents/Laboratorio2(TO)/Profesor.java. Using fallback presentation compiler.[0m
2026.09.09 12:29:23 INFO  no build target found for /mnt/c/Users/Admin/Documents/Laboratorio2(TO)/Profesor.java. Using fallback presentation compiler.[0m
2026.09.09 12:29:26 INFO  no build target found for /mnt/c/Users/Admin/Documents/Laboratorio2(TO)/Profesor.java. Using fallback presentation compiler.[0m
2026.09.09 12:29:26 INFO  no build target found for /mnt/c/Users/Admin/Documents/Laboratorio2(TO)/Profesor.java. Using fallback presentation compiler.[0m
2026.09.09 12:29:26 INFO  no build target found for /mnt/c/Users/Admin/Documents/Laboratorio2(TO)/Profesor.java. Using fallback presentation compiler.[0m
2026.09.09 12:29:27 INFO  no build target found for /mnt/c/Users/Admin/Documents/Laboratorio2(TO)/Profesor.java. Using fallback presentation compiler.[0m
2026.09.09 12:29:27 INFO  no build target found for /mnt/c/Users/Admin/Documents/Laboratorio2(TO)/Profesor.java. Using fallback presentation compiler.[0m
2026.09.09 12:29:28 INFO  no build target found for /mnt/c/Users/Admin/Documents/Laboratorio2(TO)/Profesor.java. Using fallback presentation compiler.[0m
2026.09.09 12:29:27 INFO  no build target found for /mnt/c/Users/Admin/Documents/Laboratorio2(TO)/Profesor.java. Using fallback presentation compiler.[0m
2026.09.09 12:29:27 INFO  no build target found for /mnt/c/Users/Admin/Documents/Laboratorio2(TO)/Profesor.java. Using fallback presentation compiler.[0m
2026.09.09 12:29:28 INFO  no build target found for /mnt/c/Users/Admin/Documents/Laboratorio2(TO)/Profesor.java. Using fallback presentation compiler.[0m
2026.09.09 12:29:29 INFO  no build target found for /mnt/c/Users/Admin/Documents/Laboratorio2(TO)/Profesor.java. Using fallback presentation compiler.[0m
2026.09.09 12:29:29 INFO  no build target found for /mnt/c/Users/Admin/Documents/Laboratorio2(TO)/Profesor.java. Using fallback presentation compiler.[0m
2026.09.09 12:29:30 INFO  no build target found for /mnt/c/Users/Admin/Documents/Laboratorio2(TO)/Profesor.java. Using fallback presentation compiler.[0m
2026.09.09 12:29:30 INFO  no build target found for /mnt/c/Users/Admin/Documents/Laboratorio2(TO)/Profesor.java. Using fallback presentation compiler.[0m
2026.09.09 12:29:30 INFO  no build target found for /mnt/c/Users/Admin/Documents/Laboratorio2(TO)/Profesor.java. Using fallback presentation compiler.[0m
2026.09.09 12:29:31 INFO  no build target found for /mnt/c/Users/Admin/Documents/Laboratorio2(TO)/Profesor.java. Using fallback presentation compiler.[0m
2026.09.09 12:29:31 INFO  no build target found for /mnt/c/Users/Admin/Documents/Laboratorio2(TO)/Profesor.java. Using fallback presentation compiler.[0m
2026.09.09 12:29:33 INFO  no build target found for /mnt/c/Users/Admin/Documents/Laboratorio2(TO)/Profesor.java. Using fallback presentation compiler.[0m
2026.09.09 12:29:33 INFO  no build target found for /mnt/c/Users/Admin/Documents/Laboratorio2(TO)/Profesor.java. Using fallback presentation compiler.[0m
2026.09.09 12:29:33 INFO  no build target found for /mnt/c/Users/Admin/Documents/Laboratorio2(TO)/Profesor.java. Using fallback presentation compiler.[0m
2026.09.09 12:29:33 INFO  no build target found for /mnt/c/Users/Admin/Documents/Laboratorio2(TO)/Profesor.java. Using fallback presentation compiler.[0m
Sep 09, 2026 12:29:34 PM org.eclipse.lsp4j.jsonrpc.RemoteEndpoint handleCancellation
WARNING: Unmatched cancel notification for request id 1752
2026.09.09 12:29:34 INFO  no build target found for /mnt/c/Users/Admin/Documents/Laboratorio2(TO)/Profesor.java. Using fallback presentation compiler.[0m
2026.09.09 12:29:34 INFO  no build target found for /mnt/c/Users/Admin/Documents/Laboratorio2(TO)/Profesor.java. Using fallback presentation compiler.[0m
2026.09.09 12:29:34 INFO  no build target found for /mnt/c/Users/Admin/Documents/Laboratorio2(TO)/Profesor.java. Using fallback presentation compiler.[0m
2026.09.09 12:29:35 INFO  no build target found for /mnt/c/Users/Admin/Documents/Laboratorio2(TO)/Profesor.java. Using fallback presentation compiler.[0m
2026.09.09 12:29:35 INFO  no build target found for /mnt/c/Users/Admin/Documents/Laboratorio2(TO)/Profesor.java. Using fallback presentation compiler.[0m
Sep 09, 2026 12:29:35 PM org.eclipse.lsp4j.jsonrpc.RemoteEndpoint handleCancellation
WARNING: Unmatched cancel notification for request id 1757
2026.09.09 12:29:35 INFO  no build target found for /mnt/c/Users/Admin/Documents/Laboratorio2(TO)/Profesor.java. Using fallback presentation compiler.[0m
2026.09.09 12:29:35 INFO  no build target found for /mnt/c/Users/Admin/Documents/Laboratorio2(TO)/Profesor.java. Using fallback presentation compiler.[0m
2026.09.09 12:29:35 INFO  no build target found for /mnt/c/Users/Admin/Documents/Laboratorio2(TO)/Profesor.java. Using fallback presentation compiler.[0m
2026.09.09 12:29:36 INFO  no build target found for /mnt/c/Users/Admin/Documents/Laboratorio2(TO)/Profesor.java. Using fallback presentation compiler.[0m
2026.09.09 12:29:36 INFO  no build target found for /mnt/c/Users/Admin/Documents/Laboratorio2(TO)/Profesor.java. Using fallback presentation compiler.[0m
2026.09.09 12:29:36 INFO  no build target found for /mnt/c/Users/Admin/Documents/Laboratorio2(TO)/Profesor.java. Using fallback presentation compiler.[0m
2026.09.09 12:29:37 INFO  no build target found for /mnt/c/Users/Admin/Documents/Laboratorio2(TO)/Profesor.java. Using fallback presentation compiler.[0m
2026.09.09 12:29:37 INFO  Created report: Optional[file:///mnt/c/Users/Admin/Documents/Laboratorio2(TO)/Profesor.java][0m
2026.09.09 12:29:37 INFO  empty definition using pc, found symbol in pc:  (full report at: "/mnt/c/Users/Admin/Documents/Laboratorio2(TO)/.metals/.reports/metals-full/2026-09-09/r_empty-definition_12-29-37-599.md")[0m
2026.09.09 12:29:37 INFO  no build target found for /mnt/c/Users/Admin/Documents/Laboratorio2(TO)/Profesor.java. Using fallback presentation compiler.[0m
2026.09.09 12:29:37 INFO  no build target found for /mnt/c/Users/Admin/Documents/Laboratorio2(TO)/Profesor.java. Using fallback presentation compiler.[0m
2026.09.09 12:29:38 INFO  no build target found for /mnt/c/Users/Admin/Documents/Laboratorio2(TO)/Profesor.java. Using fallback presentation compiler.[0m
2026.09.09 12:29:37 INFO  no build target found for /mnt/c/Users/Admin/Documents/Laboratorio2(TO)/Profesor.java. Using fallback presentation compiler.[0m
2026.09.09 12:29:39 INFO  no build target found for /mnt/c/Users/Admin/Documents/Laboratorio2(TO)/Profesor.java. Using fallback presentation compiler.[0m
2026.09.09 12:29:39 INFO  no build target found for /mnt/c/Users/Admin/Documents/Laboratorio2(TO)/Profesor.java. Using fallback presentation compiler.[0m
2026.09.09 12:29:39 INFO  no build target found for /mnt/c/Users/Admin/Documents/Laboratorio2(TO)/Profesor.java. Using fallback presentation compiler.[0m
2026.09.09 12:29:39 INFO  no build target found for /mnt/c/Users/Admin/Documents/Laboratorio2(TO)/Profesor.java. Using fallback presentation compiler.[0m
2026.09.09 12:29:39 INFO  no build target found for /mnt/c/Users/Admin/Documents/Laboratorio2(TO)/Profesor.java. Using fallback presentation compiler.[0m
Sep 09, 2026 12:29:39 PM org.eclipse.lsp4j.jsonrpc.RemoteEndpoint handleCancellation
WARNING: Unmatched cancel notification for request id 1791
2026.09.09 12:29:39 INFO  Created report: Optional[file:///mnt/c/Users/Admin/Documents/Laboratorio2(TO)/Profesor.java][0m
2026.09.09 12:29:39 INFO  empty definition using pc, found symbol in pc: java/util/List# (full report at: "/mnt/c/Users/Admin/Documents/Laboratorio2(TO)/.metals/.reports/metals-full/2026-09-09/r_empty-definition_12-29-39-940.md")[0m
Sep 09, 2026 12:29:40 PM org.eclipse.lsp4j.jsonrpc.RemoteEndpoint handleCancellation
WARNING: Unmatched cancel notification for request id 1786
2026.09.09 12:29:40 INFO  no build target found for /mnt/c/Users/Admin/Documents/Laboratorio2(TO)/Profesor.java. Using fallback presentation compiler.[0m
2026.09.09 12:29:39 INFO  no build target found for /mnt/c/Users/Admin/Documents/Laboratorio2(TO)/Profesor.java. Using fallback presentation compiler.[0m
2026.09.09 12:29:39 INFO  no build target found for /mnt/c/Users/Admin/Documents/Laboratorio2(TO)/Profesor.java. Using fallback presentation compiler.[0m
Sep 09, 2026 12:29:40 PM org.eclipse.lsp4j.jsonrpc.RemoteEndpoint handleCancellation
WARNING: Unmatched cancel notification for request id 1790
2026.09.09 12:29:40 INFO  no build target found for /mnt/c/Users/Admin/Documents/Laboratorio2(TO)/Profesor.java. Using fallback presentation compiler.[0m
2026.09.09 12:29:39 INFO  no build target found for /mnt/c/Users/Admin/Documents/Laboratorio2(TO)/Profesor.java. Using fallback presentation compiler.[0m
2026.09.09 12:29:39 INFO  no build target found for /mnt/c/Users/Admin/Documents/Laboratorio2(TO)/Profesor.java. Using fallback presentation compiler.[0m
2026.09.09 12:29:40 INFO  Created report: Optional[file:///mnt/c/Users/Admin/Documents/Laboratorio2(TO)/Profesor.java][0m
2026.09.09 12:29:40 INFO  empty definition using pc, found symbol in pc: _empty_/cursos# (full report at: "/mnt/c/Users/Admin/Documents/Laboratorio2(TO)/.metals/.reports/metals-full/2026-09-09/r_empty-definition_12-29-40-283.md")[0m
2026.09.09 12:29:40 INFO  no build target found for /mnt/c/Users/Admin/Documents/Laboratorio2(TO)/Profesor.java. Using fallback presentation compiler.[0m
2026.09.09 12:29:40 INFO  no build target found for /mnt/c/Users/Admin/Documents/Laboratorio2(TO)/Profesor.java. Using fallback presentation compiler.[0m
2026.09.09 12:29:40 INFO  no build target found for /mnt/c/Users/Admin/Documents/Laboratorio2(TO)/Profesor.java. Using fallback presentation compiler.[0m
2026.09.09 12:29:40 INFO  no build target found for /mnt/c/Users/Admin/Documents/Laboratorio2(TO)/Profesor.java. Using fallback presentation compiler.[0m
2026.09.09 12:29:41 INFO  no build target found for /mnt/c/Users/Admin/Documents/Laboratorio2(TO)/Profesor.java. Using fallback presentation compiler.[0m
2026.09.09 12:29:41 INFO  no build target found for /mnt/c/Users/Admin/Documents/Laboratorio2(TO)/Profesor.java. Using fallback presentation compiler.[0m
2026.09.09 12:29:41 INFO  no build target found for /mnt/c/Users/Admin/Documents/Laboratorio2(TO)/Profesor.java. Using fallback presentation compiler.[0m
2026.09.09 12:29:41 INFO  no build target found for /mnt/c/Users/Admin/Documents/Laboratorio2(TO)/Profesor.java. Using fallback presentation compiler.[0m
2026.09.09 12:29:41 INFO  no build target found for /mnt/c/Users/Admin/Documents/Laboratorio2(TO)/Profesor.java. Using fallback presentation compiler.[0m
2026.09.09 12:29:41 INFO  no build target found for /mnt/c/Users/Admin/Documents/Laboratorio2(TO)/Profesor.java. Using fallback presentation compiler.[0m
2026.09.09 12:29:41 INFO  no build target found for /mnt/c/Users/Admin/Documents/Laboratorio2(TO)/Profesor.java. Using fallback presentation compiler.[0m
2026.09.09 12:29:42 INFO  no build target found for /mnt/c/Users/Admin/Documents/Laboratorio2(TO)/Profesor.java. Using fallback presentation compiler.[0m
2026.09.09 12:29:42 INFO  no build target found for /mnt/c/Users/Admin/Documents/Laboratorio2(TO)/Profesor.java. Using fallback presentation compiler.[0m
2026.09.09 12:29:42 INFO  no build target found for /mnt/c/Users/Admin/Documents/Laboratorio2(TO)/Profesor.java. Using fallback presentation compiler.[0m
2026.09.09 12:29:44 INFO  no build target found for /mnt/c/Users/Admin/Documents/Laboratorio2(TO)/Profesor.java. Using fallback presentation compiler.[0m
2026.09.09 12:29:44 INFO  no build target found for /mnt/c/Users/Admin/Documents/Laboratorio2(TO)/Profesor.java. Using fallback presentation compiler.[0m
Sep 09, 2026 12:29:44 PM org.eclipse.lsp4j.jsonrpc.RemoteEndpoint handleCancellation
WARNING: Unmatched cancel notification for request id 1825
2026.09.09 12:29:44 INFO  no build target found for /mnt/c/Users/Admin/Documents/Laboratorio2(TO)/Profesor.java. Using fallback presentation compiler.[0m
2026.09.09 12:29:44 INFO  no build target found for /mnt/c/Users/Admin/Documents/Laboratorio2(TO)/Profesor.java. Using fallback presentation compiler.[0m
2026.09.09 12:29:44 INFO  no build target found for /mnt/c/Users/Admin/Documents/Laboratorio2(TO)/Profesor.java. Using fallback presentation compiler.[0m
2026.09.09 12:29:44 INFO  no build target found for /mnt/c/Users/Admin/Documents/Laboratorio2(TO)/Profesor.java. Using fallback presentation compiler.[0m
2026.09.09 12:29:44 INFO  no build target found for /mnt/c/Users/Admin/Documents/Laboratorio2(TO)/Profesor.java. Using fallback presentation compiler.[0m
2026.09.09 12:29:44 INFO  no build target found for /mnt/c/Users/Admin/Documents/Laboratorio2(TO)/Profesor.java. Using fallback presentation compiler.[0m
2026.09.09 12:29:45 INFO  no build target found for /mnt/c/Users/Admin/Documents/Laboratorio2(TO)/Profesor.java. Using fallback presentation compiler.[0m
2026.09.09 12:29:45 INFO  no build target found for /mnt/c/Users/Admin/Documents/Laboratorio2(TO)/Profesor.java. Using fallback presentation compiler.[0m
2026.09.09 12:29:45 INFO  no build target found for /mnt/c/Users/Admin/Documents/Laboratorio2(TO)/Profesor.java. Using fallback presentation compiler.[0m
Sep 09, 2026 12:29:45 PM org.eclipse.lsp4j.jsonrpc.RemoteEndpoint handleCancellation
WARNING: Unmatched cancel notification for request id 1842
2026.09.09 12:29:45 INFO  no build target found for /mnt/c/Users/Admin/Documents/Laboratorio2(TO)/Profesor.java. Using fallback presentation compiler.[0m
2026.09.09 12:29:45 INFO  no build target found for /mnt/c/Users/Admin/Documents/Laboratorio2(TO)/Profesor.java. Using fallback presentation compiler.[0m
2026.09.09 12:29:45 INFO  no build target found for /mnt/c/Users/Admin/Documents/Laboratorio2(TO)/Profesor.java. Using fallback presentation compiler.[0m
2026.09.09 12:29:45 INFO  no build target found for /mnt/c/Users/Admin/Documents/Laboratorio2(TO)/Profesor.java. Using fallback presentation compiler.[0m
2026.09.09 12:29:45 INFO  no build target found for /mnt/c/Users/Admin/Documents/Laboratorio2(TO)/Profesor.java. Using fallback presentation compiler.[0m
2026.09.09 12:29:46 INFO  no build target found for /mnt/c/Users/Admin/Documents/Laboratorio2(TO)/Profesor.java. Using fallback presentation compiler.[0m
2026.09.09 12:29:45 INFO  no build target found for /mnt/c/Users/Admin/Documents/Laboratorio2(TO)/Profesor.java. Using fallback presentation compiler.[0m
2026.09.09 12:29:46 INFO  no build target found for /mnt/c/Users/Admin/Documents/Laboratorio2(TO)/Profesor.java. Using fallback presentation compiler.[0m
Sep 09, 2026 12:29:46 PM org.eclipse.lsp4j.jsonrpc.RemoteEndpoint handleCancellation
WARNING: Unmatched cancel notification for request id 1856
2026.09.09 12:29:51 INFO  no build target found for /mnt/c/Users/Admin/Documents/Laboratorio2(TO)/Profesor.java. Using fallback presentation compiler.[0m
2026.09.09 12:30:01 INFO  no build target found for /mnt/c/Users/Admin/Documents/Laboratorio2(TO)/Profesor.java. Using fallback presentation compiler.[0m
2026.09.09 12:30:01 INFO  no build target found for /mnt/c/Users/Admin/Documents/Laboratorio2(TO)/Profesor.java. Using fallback presentation compiler.[0m
2026.09.09 12:30:02 INFO  no build target found for /mnt/c/Users/Admin/Documents/Laboratorio2(TO)/Profesor.java. Using fallback presentation compiler.[0m
2026.09.09 12:30:03 INFO  no build target found for /mnt/c/Users/Admin/Documents/Laboratorio2(TO)/Profesor.java. Using fallback presentation compiler.[0m
2026.09.09 12:30:03 INFO  no build target found for /mnt/c/Users/Admin/Documents/Laboratorio2(TO)/Profesor.java. Using fallback presentation compiler.[0m
2026.09.09 12:30:03 INFO  no build target found for /mnt/c/Users/Admin/Documents/Laboratorio2(TO)/Profesor.java. Using fallback presentation compiler.[0m
2026.09.09 12:30:03 INFO  no build target found for /mnt/c/Users/Admin/Documents/Laboratorio2(TO)/Profesor.java. Using fallback presentation compiler.[0m
2026.09.09 12:30:03 INFO  no build target found for /mnt/c/Users/Admin/Documents/Laboratorio2(TO)/Profesor.java. Using fallback presentation compiler.[0m
2026.09.09 12:30:03 INFO  no build target found for /mnt/c/Users/Admin/Documents/Laboratorio2(TO)/Profesor.java. Using fallback presentation compiler.[0m
2026.09.09 12:30:05 INFO  no build target found for /mnt/c/Users/Admin/Documents/Laboratorio2(TO)/Profesor.java. Using fallback presentation compiler.[0m
2026.09.09 12:30:05 INFO  no build target found for /mnt/c/Users/Admin/Documents/Laboratorio2(TO)/Profesor.java. Using fallback presentation compiler.[0m
2026.09.09 12:30:05 INFO  no build target found for /mnt/c/Users/Admin/Documents/Laboratorio2(TO)/Profesor.java. Using fallback presentation compiler.[0m
Sep 09, 2026 12:30:05 PM org.eclipse.lsp4j.jsonrpc.RemoteEndpoint handleCancellation
WARNING: Unmatched cancel notification for request id 1874
2026.09.09 12:30:05 INFO  no build target found for /mnt/c/Users/Admin/Documents/Laboratorio2(TO)/Profesor.java. Using fallback presentation compiler.[0m
2026.09.09 12:30:05 INFO  no build target found for /mnt/c/Users/Admin/Documents/Laboratorio2(TO)/Profesor.java. Using fallback presentation compiler.[0m
2026.09.09 12:30:05 INFO  no build target found for /mnt/c/Users/Admin/Documents/Laboratorio2(TO)/Profesor.java. Using fallback presentation compiler.[0m
2026.09.09 12:30:05 INFO  no build target found for /mnt/c/Users/Admin/Documents/Laboratorio2(TO)/Profesor.java. Using fallback presentation compiler.[0m
2026.09.09 12:30:05 INFO  no build target found for /mnt/c/Users/Admin/Documents/Laboratorio2(TO)/Profesor.java. Using fallback presentation compiler.[0m
2026.09.09 12:30:05 INFO  no build target found for /mnt/c/Users/Admin/Documents/Laboratorio2(TO)/Profesor.java. Using fallback presentation compiler.[0m
2026.09.09 12:30:06 INFO  no build target found for /mnt/c/Users/Admin/Documents/Laboratorio2(TO)/Profesor.java. Using fallback presentation compiler.[0m
2026.09.09 12:30:06 INFO  no build target found for /mnt/c/Users/Admin/Documents/Laboratorio2(TO)/Profesor.java. Using fallback presentation compiler.[0m
2026.09.09 12:30:08 INFO  no build target found for /mnt/c/Users/Admin/Documents/Laboratorio2(TO)/Profesor.java. Using fallback presentation compiler.[0m
2026.09.09 12:30:08 INFO  no build target found for /mnt/c/Users/Admin/Documents/Laboratorio2(TO)/Profesor.java. Using fallback presentation compiler.[0m
2026.09.09 12:30:08 INFO  no build target found for /mnt/c/Users/Admin/Documents/Laboratorio2(TO)/Profesor.java. Using fallback presentation compiler.[0m
2026.09.09 12:30:11 WARN  no build target for: /mnt/c/Users/Admin/Documents/Laboratorio2(TO)/Profesor.java[0m
2026.09.09 12:30:11 INFO  no build target found for /mnt/c/Users/Admin/Documents/Laboratorio2(TO)/Profesor.java. Using fallback presentation compiler.[0m
2026.09.09 12:30:14 INFO  no build target found for /mnt/c/Users/Admin/Documents/Laboratorio2(TO)/Profesor.java. Using fallback presentation compiler.[0m
2026.09.09 12:30:15 INFO  no build target found for /mnt/c/Users/Admin/Documents/Laboratorio2(TO)/Profesor.java. Using fallback presentation compiler.[0m
2026.09.09 12:30:17 INFO  no build target found for /mnt/c/Users/Admin/Documents/Laboratorio2(TO)/Profesor.java. Using fallback presentation compiler.[0m
2026.09.09 12:30:17 INFO  no build target found for /mnt/c/Users/Admin/Documents/Laboratorio2(TO)/Profesor.java. Using fallback presentation compiler.[0m
2026.09.09 12:30:17 INFO  no build target found for /mnt/c/Users/Admin/Documents/Laboratorio2(TO)/Profesor.java. Using fallback presentation compiler.[0m
2026.09.09 12:30:18 INFO  no build target found for /mnt/c/Users/Admin/Documents/Laboratorio2(TO)/Profesor.java. Using fallback presentation compiler.[0m
2026.09.09 12:30:18 INFO  no build target found for /mnt/c/Users/Admin/Documents/Laboratorio2(TO)/Profesor.java. Using fallback presentation compiler.[0m
2026.09.09 12:30:18 INFO  no build target found for /mnt/c/Users/Admin/Documents/Laboratorio2(TO)/Profesor.java. Using fallback presentation compiler.[0m
2026.09.09 12:30:18 INFO  no build target found for /mnt/c/Users/Admin/Documents/Laboratorio2(TO)/Profesor.java. Using fallback presentation compiler.[0m
2026.09.09 12:30:18 INFO  no build target found for /mnt/c/Users/Admin/Documents/Laboratorio2(TO)/Profesor.java. Using fallback presentation compiler.[0m
2026.09.09 12:30:27 INFO  no build target found for /mnt/c/Users/Admin/Documents/Laboratorio2(TO)/Profesor.java. Using fallback presentation compiler.[0m
2026.09.09 12:30:29 INFO  no build target found for /mnt/c/Users/Admin/Documents/Laboratorio2(TO)/Profesor.java. Using fallback presentation compiler.[0m
2026.09.09 12:30:30 INFO  no build target found for /mnt/c/Users/Admin/Documents/Laboratorio2(TO)/Profesor.java. Using fallback presentation compiler.[0m
2026.09.09 12:30:30 INFO  no build target found for /mnt/c/Users/Admin/Documents/Laboratorio2(TO)/Profesor.java. Using fallback presentation compiler.[0m
2026.09.09 12:30:30 INFO  no build target found for /mnt/c/Users/Admin/Documents/Laboratorio2(TO)/Profesor.java. Using fallback presentation compiler.[0m
Sep 09, 2026 12:30:31 PM org.eclipse.lsp4j.jsonrpc.RemoteEndpoint fallbackResponseError
SEVERE: Internal error: java.lang.StringIndexOutOfBoundsException: Range [-1, 307) out of bounds for length 564
java.util.concurrent.CompletionException: java.lang.StringIndexOutOfBoundsException: Range [-1, 307) out of bounds for length 564
	at java.base/java.util.concurrent.CompletableFuture.wrapInCompletionException(CompletableFuture.java:323)
	at java.base/java.util.concurrent.CompletableFuture.encodeThrowable(CompletableFuture.java:376)
	at java.base/java.util.concurrent.CompletableFuture.completeThrowable(CompletableFuture.java:391)
	at java.base/java.util.concurrent.CompletableFuture$UniAccept.tryFire(CompletableFuture.java:729)
	at java.base/java.util.concurrent.CompletableFuture.postComplete(CompletableFuture.java:531)
	at java.base/java.util.concurrent.CompletableFuture.completeExceptionally(CompletableFuture.java:2221)
	at scala.meta.internal.metals.CancelTokens$.$anonfun$future$1(CancelTokens.scala:40)
	at scala.meta.internal.metals.CancelTokens$.$anonfun$future$1$adapted(CancelTokens.scala:38)
	at scala.concurrent.impl.Promise$Transformation.run(Promise.scala:517)
	at java.base/java.util.concurrent.ThreadPoolExecutor.runWorker(ThreadPoolExecutor.java:1090)
	at java.base/java.util.concurrent.ThreadPoolExecutor$Worker.run(ThreadPoolExecutor.java:614)
	at java.base/java.lang.Thread.run(Thread.java:1474)
Caused by: java.lang.StringIndexOutOfBoundsException: Range [-1, 307) out of bounds for length 564
	at java.base/jdk.internal.util.Preconditions$1.apply(Preconditions.java:55)
	at java.base/jdk.internal.util.Preconditions$1.apply(Preconditions.java:52)
	at java.base/jdk.internal.util.Preconditions$4.apply(Preconditions.java:213)
	at java.base/jdk.internal.util.Preconditions$4.apply(Preconditions.java:210)
	at java.base/jdk.internal.util.Preconditions.outOfBounds(Preconditions.java:98)
	at java.base/jdk.internal.util.Preconditions.outOfBoundsCheckFromToIndex(Preconditions.java:112)
	at java.base/jdk.internal.util.Preconditions.checkFromToIndex(Preconditions.java:349)
	at java.base/java.lang.String.checkBoundsBeginEnd(String.java:4937)
	at java.base/java.lang.String.substring(String.java:2899)
	at scala.meta.internal.pc.JavaMetalsGlobal.findIndentifierStartAndEnd(JavaMetalsGlobal.scala:87)
	at scala.meta.internal.pc.JavaDefinitionProvider.$anonfun$definitionImpl$5(JavaDefinitionProvider.scala:122)
	at scala.Option$WithFilter.map(Option.scala:242)
	at scala.meta.internal.pc.JavaDefinitionProvider.definitionImpl(JavaDefinitionProvider.scala:70)
	at scala.meta.internal.pc.JavaDefinitionProvider.definitionOffset(JavaDefinitionProvider.scala:53)
	at scala.meta.internal.pc.JavaDefinitionProvider.definition(JavaDefinitionProvider.scala:31)
	at scala.meta.internal.pc.JavaPresentationCompiler.definition(JavaPresentationCompiler.scala:98)
	at scala.meta.internal.metals.Compilers.$anonfun$definition$1(Compilers.scala:1230)
	at scala.meta.internal.metals.Compilers.$anonfun$withPCAndAdjustLsp$4(Compilers.scala:1543)
	at scala.Option.map(Option.scala:242)
	at scala.meta.internal.metals.Compilers.$anonfun$withPCAndAdjustLsp$3(Compilers.scala:1543)
	at scala.Option.flatMap(Option.scala:283)
	at scala.meta.internal.metals.Compilers.withPCAndAdjustLsp(Compilers.scala:1535)
	at scala.meta.internal.metals.Compilers.definition(Compilers.scala:1221)
	at scala.meta.internal.metals.Compilers.definition(Compilers.scala:1182)
	at scala.meta.internal.metals.DefinitionProvider.fromCompiler$1(DefinitionProvider.scala:97)
	at scala.meta.internal.metals.DefinitionProvider.$anonfun$definition$10(DefinitionProvider.scala:146)
	at scala.meta.internal.metals.DefinitionProvider.$anonfun$definition$15(DefinitionProvider.scala:153)
	at scala.concurrent.impl.Promise$Transformation.run(Promise.scala:503)
	... 3 more

2026.09.09 12:30:31 INFO  no build target found for /mnt/c/Users/Admin/Documents/Laboratorio2(TO)/Profesor.java. Using fallback presentation compiler.[0m
2026.09.09 12:30:31 INFO  no build target found for /mnt/c/Users/Admin/Documents/Laboratorio2(TO)/Profesor.java. Using fallback presentation compiler.[0m
2026.09.09 12:30:31 INFO  no build target found for /mnt/c/Users/Admin/Documents/Laboratorio2(TO)/Profesor.java. Using fallback presentation compiler.[0m
2026.09.09 12:30:31 INFO  no build target found for /mnt/c/Users/Admin/Documents/Laboratorio2(TO)/Profesor.java. Using fallback presentation compiler.[0m
2026.09.09 12:30:31 INFO  no build target found for /mnt/c/Users/Admin/Documents/Laboratorio2(TO)/Profesor.java. Using fallback presentation compiler.[0m
2026.09.09 12:30:32 INFO  no build target found for /mnt/c/Users/Admin/Documents/Laboratorio2(TO)/Profesor.java. Using fallback presentation compiler.[0m
2026.09.09 12:30:33 WARN  no build target for: /mnt/c/Users/Admin/Documents/Laboratorio2(TO)/Profesor.java[0m
2026.09.09 12:30:34 INFO  no build target found for /mnt/c/Users/Admin/Documents/Laboratorio2(TO)/Profesor.java. Using fallback presentation compiler.[0m
2026.09.09 12:30:39 WARN  no build target for: /mnt/c/Users/Admin/Documents/Laboratorio2(TO)/Estudiante.java[0m
2026.09.09 12:30:39 INFO  no build target found for /mnt/c/Users/Admin/Documents/Laboratorio2(TO)/Estudiante.java. Using fallback presentation compiler.[0m
2026.09.09 12:30:52 INFO  no build target found for /mnt/c/Users/Admin/Documents/Laboratorio2(TO)/Estudiante.java. Using fallback presentation compiler.[0m
2026.09.09 12:30:52 INFO  no build target found for /mnt/c/Users/Admin/Documents/Laboratorio2(TO)/Estudiante.java. Using fallback presentation compiler.[0m
2026.09.09 12:30:52 WARN  Running javac-semanticdb failed for file:///mnt/c/Users/Admin/Documents/Laboratorio2(TO)/Estudiante.java. Output:
[0m
2026.09.09 12:30:52 INFO  no build target found for /mnt/c/Users/Admin/Documents/Laboratorio2(TO)/Estudiante.java. Using fallback presentation compiler.[0m
2026.09.09 12:30:52 INFO  no build target found for /mnt/c/Users/Admin/Documents/Laboratorio2(TO)/Estudiante.java. Using fallback presentation compiler.[0m
2026.09.09 12:30:53 INFO  no build target found for /mnt/c/Users/Admin/Documents/Laboratorio2(TO)/Estudiante.java. Using fallback presentation compiler.[0m
2026.09.09 12:30:53 INFO  no build target found for /mnt/c/Users/Admin/Documents/Laboratorio2(TO)/Estudiante.java. Using fallback presentation compiler.[0m
2026.09.09 12:30:53 INFO  no build target found for /mnt/c/Users/Admin/Documents/Laboratorio2(TO)/Estudiante.java. Using fallback presentation compiler.[0m
2026.09.09 12:30:53 INFO  no build target found for /mnt/c/Users/Admin/Documents/Laboratorio2(TO)/Estudiante.java. Using fallback presentation compiler.[0m
2026.09.09 12:30:53 INFO  no build target found for /mnt/c/Users/Admin/Documents/Laboratorio2(TO)/Estudiante.java. Using fallback presentation compiler.[0m
2026.09.09 12:30:55 INFO  no build target found for /mnt/c/Users/Admin/Documents/Laboratorio2(TO)/Estudiante.java. Using fallback presentation compiler.[0m
2026.09.09 12:30:55 INFO  no build target found for /mnt/c/Users/Admin/Documents/Laboratorio2(TO)/Estudiante.java. Using fallback presentation compiler.[0m
2026.09.09 12:30:55 INFO  no build target found for /mnt/c/Users/Admin/Documents/Laboratorio2(TO)/Estudiante.java. Using fallback presentation compiler.[0m
2026.09.09 12:30:56 WARN  Running javac-semanticdb failed for file:///mnt/c/Users/Admin/Documents/Laboratorio2(TO)/Estudiante.java. Output:
[0m
2026.09.09 12:30:56 INFO  no build target found for /mnt/c/Users/Admin/Documents/Laboratorio2(TO)/Estudiante.java. Using fallback presentation compiler.[0m
2026.09.09 12:30:59 INFO  no build target found for /mnt/c/Users/Admin/Documents/Laboratorio2(TO)/Estudiante.java. Using fallback presentation compiler.[0m
Sep 09, 2026 12:30:59 PM org.eclipse.lsp4j.jsonrpc.RemoteEndpoint handleCancellation
WARNING: Unmatched cancel notification for request id 1971
2026.09.09 12:30:59 INFO  no build target found for /mnt/c/Users/Admin/Documents/Laboratorio2(TO)/Estudiante.java. Using fallback presentation compiler.[0m
2026.09.09 12:30:59 INFO  no build target found for /mnt/c/Users/Admin/Documents/Laboratorio2(TO)/Estudiante.java. Using fallback presentation compiler.[0m
2026.09.09 12:30:59 INFO  no build target found for /mnt/c/Users/Admin/Documents/Laboratorio2(TO)/Estudiante.java. Using fallback presentation compiler.[0m
2026.09.09 12:30:59 INFO  no build target found for /mnt/c/Users/Admin/Documents/Laboratorio2(TO)/Estudiante.java. Using fallback presentation compiler.[0m
2026.09.09 12:30:59 INFO  no build target found for /mnt/c/Users/Admin/Documents/Laboratorio2(TO)/Estudiante.java. Using fallback presentation compiler.[0m
2026.09.09 12:30:59 INFO  no build target found for /mnt/c/Users/Admin/Documents/Laboratorio2(TO)/Estudiante.java. Using fallback presentation compiler.[0m
2026.09.09 12:30:59 INFO  no build target found for /mnt/c/Users/Admin/Documents/Laboratorio2(TO)/Estudiante.java. Using fallback presentation compiler.[0m
2026.09.09 12:30:59 INFO  no build target found for /mnt/c/Users/Admin/Documents/Laboratorio2(TO)/Estudiante.java. Using fallback presentation compiler.[0m
2026.09.09 12:30:59 INFO  no build target found for /mnt/c/Users/Admin/Documents/Laboratorio2(TO)/Estudiante.java. Using fallback presentation compiler.[0m
2026.09.09 12:30:59 WARN  Running javac-semanticdb failed for file:///mnt/c/Users/Admin/Documents/Laboratorio2(TO)/Estudiante.java. Output:
[0m
2026.09.09 12:31:00 INFO  no build target found for /mnt/c/Users/Admin/Documents/Laboratorio2(TO)/Estudiante.java. Using fallback presentation compiler.[0m
2026.09.09 12:31:00 INFO  no build target found for /mnt/c/Users/Admin/Documents/Laboratorio2(TO)/Estudiante.java. Using fallback presentation compiler.[0m
2026.09.09 12:31:00 INFO  no build target found for /mnt/c/Users/Admin/Documents/Laboratorio2(TO)/Estudiante.java. Using fallback presentation compiler.[0m
2026.09.09 12:31:01 WARN  Running javac-semanticdb failed for file:///mnt/c/Users/Admin/Documents/Laboratorio2(TO)/Estudiante.java. Output:
[0m
2026.09.09 12:31:01 INFO  no build target found for /mnt/c/Users/Admin/Documents/Laboratorio2(TO)/Estudiante.java. Using fallback presentation compiler.[0m
2026.09.09 12:31:00 INFO  no build target found for /mnt/c/Users/Admin/Documents/Laboratorio2(TO)/Estudiante.java. Using fallback presentation compiler.[0m
2026.09.09 12:31:02 INFO  no build target found for /mnt/c/Users/Admin/Documents/Laboratorio2(TO)/Estudiante.java. Using fallback presentation compiler.[0m
2026.09.09 12:31:02 WARN  Running javac-semanticdb failed for file:///mnt/c/Users/Admin/Documents/Laboratorio2(TO)/Estudiante.java. Output:
[0m
2026.09.09 12:31:02 INFO  no build target found for /mnt/c/Users/Admin/Documents/Laboratorio2(TO)/Estudiante.java. Using fallback presentation compiler.[0m
2026.09.09 12:31:03 INFO  no build target found for /mnt/c/Users/Admin/Documents/Laboratorio2(TO)/Estudiante.java. Using fallback presentation compiler.[0m
2026.09.09 12:31:03 WARN  no build target for: /mnt/c/Users/Admin/Documents/Laboratorio2(TO)/Estudiante.java[0m
2026.09.09 12:31:03 INFO  no build target found for /mnt/c/Users/Admin/Documents/Laboratorio2(TO)/Estudiante.java. Using fallback presentation compiler.[0m
2026.09.09 12:31:09 WARN  no build target for: /mnt/c/Users/Admin/Documents/Laboratorio2(TO)/Horario.java[0m
2026.09.09 12:31:09 INFO  no build target found for /mnt/c/Users/Admin/Documents/Laboratorio2(TO)/Horario.java. Using fallback presentation compiler.[0m
2026.09.09 12:31:10 INFO  no build target found for /mnt/c/Users/Admin/Documents/Laboratorio2(TO)/Horario.java. Using fallback presentation compiler.[0m
2026.09.09 12:31:10 INFO  no build target found for /mnt/c/Users/Admin/Documents/Laboratorio2(TO)/Horario.java. Using fallback presentation compiler.[0m
2026.09.09 12:31:10 WARN  Running javac-semanticdb failed for file:///mnt/c/Users/Admin/Documents/Laboratorio2(TO)/Horario.java. Output:
[0m
2026.09.09 12:31:10 INFO  no build target found for /mnt/c/Users/Admin/Documents/Laboratorio2(TO)/Horario.java. Using fallback presentation compiler.[0m
2026.09.09 12:31:10 INFO  no build target found for /mnt/c/Users/Admin/Documents/Laboratorio2(TO)/Horario.java. Using fallback presentation compiler.[0m
2026.09.09 12:31:11 INFO  no build target found for /mnt/c/Users/Admin/Documents/Laboratorio2(TO)/Horario.java. Using fallback presentation compiler.[0m
2026.09.09 12:31:11 INFO  no build target found for /mnt/c/Users/Admin/Documents/Laboratorio2(TO)/Horario.java. Using fallback presentation compiler.[0m
2026.09.09 12:31:11 INFO  no build target found for /mnt/c/Users/Admin/Documents/Laboratorio2(TO)/Horario.java. Using fallback presentation compiler.[0m
2026.09.09 12:31:11 INFO  no build target found for /mnt/c/Users/Admin/Documents/Laboratorio2(TO)/Horario.java. Using fallback presentation compiler.[0m
2026.09.09 12:31:12 INFO  no build target found for /mnt/c/Users/Admin/Documents/Laboratorio2(TO)/Horario.java. Using fallback presentation compiler.[0m
2026.09.09 12:31:12 INFO  no build target found for /mnt/c/Users/Admin/Documents/Laboratorio2(TO)/Horario.java. Using fallback presentation compiler.[0m
2026.09.09 12:31:12 WARN  Running javac-semanticdb failed for file:///mnt/c/Users/Admin/Documents/Laboratorio2(TO)/Horario.java. Output:
[0m
2026.09.09 12:31:12 INFO  no build target found for /mnt/c/Users/Admin/Documents/Laboratorio2(TO)/Horario.java. Using fallback presentation compiler.[0m
2026.09.09 12:31:13 INFO  no build target found for /mnt/c/Users/Admin/Documents/Laboratorio2(TO)/Horario.java. Using fallback presentation compiler.[0m
2026.09.09 12:31:13 INFO  no build target found for /mnt/c/Users/Admin/Documents/Laboratorio2(TO)/Horario.java. Using fallback presentation compiler.[0m
2026.09.09 12:31:14 INFO  no build target found for /mnt/c/Users/Admin/Documents/Laboratorio2(TO)/Horario.java. Using fallback presentation compiler.[0m
2026.09.09 12:31:13 INFO  no build target found for /mnt/c/Users/Admin/Documents/Laboratorio2(TO)/Horario.java. Using fallback presentation compiler.[0m
2026.09.09 12:31:13 INFO  no build target found for /mnt/c/Users/Admin/Documents/Laboratorio2(TO)/Horario.java. Using fallback presentation compiler.[0m
2026.09.09 12:31:13 INFO  no build target found for /mnt/c/Users/Admin/Documents/Laboratorio2(TO)/Horario.java. Using fallback presentation compiler.[0m
2026.09.09 12:31:14 INFO  no build target found for /mnt/c/Users/Admin/Documents/Laboratorio2(TO)/Horario.java. Using fallback presentation compiler.[0m
2026.09.09 12:31:13 INFO  no build target found for /mnt/c/Users/Admin/Documents/Laboratorio2(TO)/Horario.java. Using fallback presentation compiler.[0m
2026.09.09 12:31:13 INFO  no build target found for /mnt/c/Users/Admin/Documents/Laboratorio2(TO)/Horario.java. Using fallback presentation compiler.[0m
2026.09.09 12:31:14 INFO  no build target found for /mnt/c/Users/Admin/Documents/Laboratorio2(TO)/Horario.java. Using fallback presentation compiler.[0m
2026.09.09 12:31:14 WARN  Running javac-semanticdb failed for file:///mnt/c/Users/Admin/Documents/Laboratorio2(TO)/Horario.java. Output:
[0m
2026.09.09 12:31:15 INFO  no build target found for /mnt/c/Users/Admin/Documents/Laboratorio2(TO)/Horario.java. Using fallback presentation compiler.[0m
2026.09.09 12:31:15 INFO  no build target found for /mnt/c/Users/Admin/Documents/Laboratorio2(TO)/Horario.java. Using fallback presentation compiler.[0m
2026.09.09 12:31:15 WARN  Running javac-semanticdb failed for file:///mnt/c/Users/Admin/Documents/Laboratorio2(TO)/Horario.java. Output:
[0m
2026.09.09 12:31:15 INFO  no build target found for /mnt/c/Users/Admin/Documents/Laboratorio2(TO)/Horario.java. Using fallback presentation compiler.[0m
2026.09.09 12:31:15 INFO  no build target found for /mnt/c/Users/Admin/Documents/Laboratorio2(TO)/Horario.java. Using fallback presentation compiler.[0m
2026.09.09 12:31:16 WARN  Running javac-semanticdb failed for file:///mnt/c/Users/Admin/Documents/Laboratorio2(TO)/Horario.java. Output:
[0m
2026.09.09 12:31:16 INFO  no build target found for /mnt/c/Users/Admin/Documents/Laboratorio2(TO)/Horario.java. Using fallback presentation compiler.[0m
2026.09.09 12:31:22 WARN  no build target for: /mnt/c/Users/Admin/Documents/Laboratorio2(TO)/Curso.java[0m
2026.09.09 12:31:22 INFO  no build target found for /mnt/c/Users/Admin/Documents/Laboratorio2(TO)/Curso.java. Using fallback presentation compiler.[0m
2026.09.09 12:31:22 INFO  no build target found for /mnt/c/Users/Admin/Documents/Laboratorio2(TO)/Curso.java. Using fallback presentation compiler.[0m
2026.09.09 12:31:22 INFO  no build target found for /mnt/c/Users/Admin/Documents/Laboratorio2(TO)/Curso.java. Using fallback presentation compiler.[0m
2026.09.09 12:31:23 WARN  Running javac-semanticdb failed for file:///mnt/c/Users/Admin/Documents/Laboratorio2(TO)/Curso.java. Output:
[0m
2026.09.09 12:31:23 INFO  no build target found for /mnt/c/Users/Admin/Documents/Laboratorio2(TO)/Curso.java. Using fallback presentation compiler.[0m
2026.09.09 12:31:23 WARN  no build target for: /mnt/c/Users/Admin/Documents/Laboratorio2(TO)/Curso.java[0m
2026.09.09 12:31:24 INFO  no build target found for /mnt/c/Users/Admin/Documents/Laboratorio2(TO)/Curso.java. Using fallback presentation compiler.[0m
2026.09.09 12:31:26 INFO  no build target found for /mnt/c/Users/Admin/Documents/Laboratorio2(TO)/Curso.java. Using fallback presentation compiler.[0m
2026.09.09 12:31:27 INFO  no build target found for /mnt/c/Users/Admin/Documents/Laboratorio2(TO)/Curso.java. Using fallback presentation compiler.[0m
2026.09.09 12:31:34 WARN  no build target for: /mnt/c/Users/Admin/Documents/Laboratorio2(TO)/Universidad.java[0m
2026.09.09 12:31:34 INFO  no build target found for /mnt/c/Users/Admin/Documents/Laboratorio2(TO)/Universidad.java. Using fallback presentation compiler.[0m
2026.09.09 12:31:34 INFO  no build target found for /mnt/c/Users/Admin/Documents/Laboratorio2(TO)/Universidad.java. Using fallback presentation compiler.[0m
2026.09.09 12:31:34 INFO  no build target found for /mnt/c/Users/Admin/Documents/Laboratorio2(TO)/Universidad.java. Using fallback presentation compiler.[0m
2026.09.09 12:31:34 WARN  Running javac-semanticdb failed for file:///mnt/c/Users/Admin/Documents/Laboratorio2(TO)/Universidad.java. Output:
[0m
2026.09.09 12:31:34 INFO  no build target found for /mnt/c/Users/Admin/Documents/Laboratorio2(TO)/Universidad.java. Using fallback presentation compiler.[0m
2026.09.09 12:31:39 WARN  no build target for: /mnt/c/Users/Admin/Documents/Laboratorio2(TO)/Reporte.java[0m
2026.09.09 12:31:39 INFO  no build target found for /mnt/c/Users/Admin/Documents/Laboratorio2(TO)/Reporte.java. Using fallback presentation compiler.[0m
2026.09.09 12:31:40 INFO  no build target found for /mnt/c/Users/Admin/Documents/Laboratorio2(TO)/Reporte.java. Using fallback presentation compiler.[0m
2026.09.09 12:31:40 INFO  no build target found for /mnt/c/Users/Admin/Documents/Laboratorio2(TO)/Reporte.java. Using fallback presentation compiler.[0m
2026.09.09 12:31:40 WARN  Running javac-semanticdb failed for file:///mnt/c/Users/Admin/Documents/Laboratorio2(TO)/Reporte.java. Output:
[0m
2026.09.09 12:31:40 INFO  no build target found for /mnt/c/Users/Admin/Documents/Laboratorio2(TO)/Reporte.java. Using fallback presentation compiler.[0m
2026.09.09 12:31:56 WARN  no build target for: /mnt/c/Users/Admin/Documents/Laboratorio2(TO)/main.java[0m
2026.09.09 12:31:56 INFO  no build target found for /mnt/c/Users/Admin/Documents/Laboratorio2(TO)/main.java. Using fallback presentation compiler.[0m
2026.09.09 12:31:56 WARN  Running javac-semanticdb failed for file:///mnt/c/Users/Admin/Documents/Laboratorio2(TO)/main.java. Output:
[0m
2026.09.09 12:31:56 INFO  no build target found for /mnt/c/Users/Admin/Documents/Laboratorio2(TO)/main.java. Using fallback presentation compiler.[0m
2026.09.09 12:31:56 INFO  no build target found for /mnt/c/Users/Admin/Documents/Laboratorio2(TO)/main.java. Using fallback presentation compiler.[0m
2026.09.09 12:31:56 INFO  no build target found for /mnt/c/Users/Admin/Documents/Laboratorio2(TO)/main.java. Using fallback presentation compiler.[0m
2026.09.09 12:31:57 WARN  Running javac-semanticdb failed for file:///mnt/c/Users/Admin/Documents/Laboratorio2(TO)/main.java. Output:
[0m
2026.09.09 12:31:57 INFO  no build target found for /mnt/c/Users/Admin/Documents/Laboratorio2(TO)/main.java. Using fallback presentation compiler.[0m
2026.09.09 12:31:57 WARN  no build target for: /mnt/c/Users/Admin/Documents/Laboratorio2(TO)/main.java[0m
2026.09.09 12:31:57 INFO  no build target found for /mnt/c/Users/Admin/Documents/Laboratorio2(TO)/main.java. Using fallback presentation compiler.[0m
2026.09.09 12:31:57 WARN  no build target for: /mnt/c/Users/Admin/Documents/Laboratorio2(TO)/main.java[0m
2026.09.09 12:31:58 INFO  no build target found for /mnt/c/Users/Admin/Documents/Laboratorio2(TO)/main.java. Using fallback presentation compiler.[0m
2026.09.09 12:31:59 INFO  no build target found for /mnt/c/Users/Admin/Documents/Laboratorio2(TO)/Horario.java. Using fallback presentation compiler.[0m
Sep 09, 2026 12:31: 9 PM org.eclipse.lsp4j.jsonrpc.RemoteEndpoint handleCancellation
WARNING: Unmatched cancel notification for request id 2143
WARN  no build target for: /mnt/c/Users/Admin/Documents/Laboratorio2(TO)/Horario.java[0m
2026.09.09 12:31:59 INFO  no build target found for /mnt/c/Users/Admin/Documents/Laboratorio2(TO)/Horario.java. Using fallback presentation compiler.[0m
2026.09.09 12:31:59 WARN  no build target for: /mnt/c/Users/Admin/Documents/Laboratorio2(TO)/Horario.java[0m
2026.09.09 12:31:59 INFO  no build target found for /mnt/c/Users/Admin/Documents/Laboratorio2(TO)/Horario.java. Using fallback presentation compiler.[0m
2026.09.09 12:32:00 INFO  no build target found for /mnt/c/Users/Admin/Documents/Laboratorio2(TO)/Universidad.java. Using fallback presentation compiler.[0m
2026.09.09 12:32:00 WARN Sno build target for: /mnt/c/Users/Admin/Documents/Laboratorio2(TO)/Universidad.java
WARNING: Unmatched cancel notification for request id 2151
[0m
2026.09.09 12:32:00 INFO  no build target found for /mnt/c/Users/Admin/Documents/Laboratorio2(TO)/Universidad.java. Using fallback presentation compiler.[0m
2026.09.09 12:32:00 INFO  no build target found for /mnt/c/Users/Admin/Documents/Laboratorio2(TO)/Universidad.java. Using fallback presentation compiler.[0m
2026.09.09 12:32:00 WARN  no build target for: /mnt/c/Users/Admin/Documents/Laboratorio2(TO)/Universidad.java[0m
2026.09.09 12:32:00 INFO  no build target found for /mnt/c/Users/Admin/Documents/Laboratorio2(TO)/Universidad.java. Using fallback presentation compiler.[0m
2026.09.09 12:32:00 INFO  no build target found for /mnt/c/Users/Admin/Documents/Laboratorio2(TO)/Universidad.java. Using fallback presentation compiler.[0m
2026.09.09 12:32:01 WARN  no build target for: /mnt/c/Users/Admin/Documents/Laboratorio2(TO)/Reporte.java[0m
2026.09.09 12:32:00 INFO  no build target found for /mnt/c/Users/Admin/Documents/Laboratorio2(TO)/Reporte.java. Using fallback presentation compiler.[0m
2026.09.09 12:32:0101 PM org.eclipse.lsp4j.jsonrpc.RemoteEndpoint handleCancellation
WARNING: Unmatched cancel notification for request id 2162
 INFO  no build target found for /mnt/c/Users/Admin/Documents/Laboratorio2(TO)/Reporte.java. Using fallback presentation compiler.[0m
2026.09.09 12:32:00 INFO  no build target found for /mnt/c/Users/Admin/Documents/Laboratorio2(TO)/Reporte.java. Using fallback presentation compiler.[0m
2026.09.09 12:32:01 WARN  no build target for: /mnt/c/Users/Admin/Documents/Laboratorio2(TO)/Reporte.java[0m
2026.09.09 12:32:01 INFO  no build target found for /mnt/c/Users/Admin/Documents/Laboratorio2(TO)/Reporte.java. Using fallback presentation compiler.[0m
2026.09.09 12:32:22 INFO  no build target found for /mnt/c/Users/Admin/Documents/Laboratorio2(TO)/Reporte.java. Using fallback presentation compiler.[0m
2026.09.09 12:34:38 INFO  no build target found for /mnt/c/Users/Admin/Documents/Laboratorio2(TO)/Persona.java. Using fallback presentation compiler.[0m
2026.09.09 12:34:39 WARN Sno build target for: /mnt/c/Users/Admin/Documents/Laboratorio2(TO)/Persona.javation
WARNING: Unmatched cancel notification for request id 2170
[0m
2026.09.09 12:34:39 INFO  no build target found for /mnt/c/Users/Admin/Documents/Laboratorio2(TO)/Persona.java. Using fallback presentation compiler.[0m
2026.09.09 12:34:38 INFO  no build target found for /mnt/c/Users/Admin/Documents/Laboratorio2(TO)/main.java. Using fallback presentation compiler.[0m
2026.09.09 12:34:39 Sep 0 , 2026 12:34:39 PM org.eclipse.lsp4j.jsonrpc.RemoteEndpoint handleCancellation
WARNING: Unmatched cancel notification for request id 2175
no build target for: /mnt/c/Users/Admin/Documents/Laboratorio2(TO)/main.java[0m
2026.09.09 12:34:38 INFO  no build target found for /mnt/c/Users/Admin/Documents/Laboratorio2(TO)/main.java. Using fallback presentation compiler.[0m
2026.09.09 12:34:39 INFO  no build target found for /mnt/c/Users/Admin/Documents/Laboratorio2(TO)/main.java. Using fallback presentation compiler.[0m
2026.09.09 12:34:38 INFO  no build target found for /mnt/c/Users/Admin/Documents/Laboratorio2(TO)/main.java. Using fallback presentation compiler.[0m
2026.09.09 12:34:38 INFO  no build target found for /mnt/c/Users/Admin/Documents/Laboratorio2(TO)/main.java. Using fallback presentation compiler.[0m
2026.09.09 12:34:40 INFO  no build target found for /mnt/c/Users/Admin/Documents/Laboratorio2(TO)/main.java. Using fallback presentation compiler.[0m
2026.09.09 12:34:41 INFO  no build target found for /mnt/c/Users/Admin/Documents/Laboratorio2(TO)/main.java. Using fallback presentation compiler.[0m
2026.09.09 12:34:41 INFO  no build target found for /mnt/c/Users/Admin/Documents/Laboratorio2(TO)/main.java. Using fallback presentation compiler.[0m
2026.09.09 12:34:41 INFO  no build target found for /mnt/c/Users/Admin/Documents/Laboratorio2(TO)/main.java. Using fallback presentation compiler.[0m
2026.09.09 12:34:42 INFO  no build target found for /mnt/c/Users/Admin/Documents/Laboratorio2(TO)/main.java. Using fallback presentation compiler.[0m
2026.09.09 12:34:42 INFO  no build target found for /mnt/c/Users/Admin/Documents/Laboratorio2(TO)/main.java. Using fallback presentation compiler.[0m
2026.09.09 12:34:42 INFO  no build target found for /mnt/c/Users/Admin/Documents/Laboratorio2(TO)/main.java. Using fallback presentation compiler.[0m
2026.09.09 12:34:42 INFO  no build target found for /mnt/c/Users/Admin/Documents/Laboratorio2(TO)/main.java. Using fallback presentation compiler.[0m
2026.09.09 12:34:42 INFO  no build target found for /mnt/c/Users/Admin/Documents/Laboratorio2(TO)/main.java. Using fallback presentation compiler.[0m
2026.09.09 12:34:42 INFO  no build target found for /mnt/c/Users/Admin/Documents/Laboratorio2(TO)/main.java. Using fallback presentation compiler.[0m
2026.09.09 12:34:44 INFO  no build target found for /mnt/c/Users/Admin/Documents/Laboratorio2(TO)/main.java. Using fallback presentation compiler.[0m
2026.09.09 12:34:44 INFO  no build target found for /mnt/c/Users/Admin/Documents/Laboratorio2(TO)/main.java. Using fallback presentation compiler.[0m
2026.09.09 12:34:44 INFO  no build target found for /mnt/c/Users/Admin/Documents/Laboratorio2(TO)/main.java. Using fallback presentation compiler.[0m
2026.09.09 12:34:44 INFO  no build target found for /mnt/c/Users/Admin/Documents/Laboratorio2(TO)/main.java. Using fallback presentation compiler.[0m
2026.09.09 12:34:44 INFO  no build target found for /mnt/c/Users/Admin/Documents/Laboratorio2(TO)/main.java. Using fallback presentation compiler.[0m
2026.09.09 12:34:44 INFO  no build target found for /mnt/c/Users/Admin/Documents/Laboratorio2(TO)/main.java. Using fallback presentation compiler.[0m
2026.09.09 12:34:46 INFO  no build target found for /mnt/c/Users/Admin/Documents/Laboratorio2(TO)/main.java. Using fallback presentation compiler.[0m
2026.09.09 12:34:46 INFO  no build target found for /mnt/c/Users/Admin/Documents/Laboratorio2(TO)/main.java. Using fallback presentation compiler.[0m
2026.09.09 12:34:46 INFO  no build target found for /mnt/c/Users/Admin/Documents/Laboratorio2(TO)/main.java. Using fallback presentation compiler.[0m
Sep 09, 2026 12:34:46 PM org.eclipse.lsp4j.jsonrpc.RemoteEndpoint handleCancellation
WARNING: Unmatched cancel notification for request id 2204
2026.09.09 12:34:46 INFO  no build target found for /mnt/c/Users/Admin/Documents/Laboratorio2(TO)/main.java. Using fallback presentation compiler.[0m
2026.09.09 12:34:46 INFO  no build target found for /mnt/c/Users/Admin/Documents/Laboratorio2(TO)/main.java. Using fallback presentation compiler.[0m
2026.09.09 12:34:47 INFO  no build target found for /mnt/c/Users/Admin/Documents/Laboratorio2(TO)/main.java. Using fallback presentation compiler.[0m
2026.09.09 12:34:47 INFO  no build target found for /mnt/c/Users/Admin/Documents/Laboratorio2(TO)/main.java. Using fallback presentation compiler.[0m
2026.09.09 12:34:47 INFO  no build target found for /mnt/c/Users/Admin/Documents/Laboratorio2(TO)/main.java. Using fallback presentation compiler.[0m
2026.09.09 12:34:47 INFO  no build target found for /mnt/c/Users/Admin/Documents/Laboratorio2(TO)/main.java. Using fallback presentation compiler.[0m
2026.09.09 12:34:47 INFO  no build target found for /mnt/c/Users/Admin/Documents/Laboratorio2(TO)/main.java. Using fallback presentation compiler.[0m
2026.09.09 12:34:47 INFO  no build target found for /mnt/c/Users/Admin/Documents/Laboratorio2(TO)/main.java. Using fallback presentation compiler.[0m
2026.09.09 12:34:47 INFO  no build target found for /mnt/c/Users/Admin/Documents/Laboratorio2(TO)/main.java. Using fallback presentation compiler.[0m
2026.09.09 12:34:48 INFO  no build target found for /mnt/c/Users/Admin/Documents/Laboratorio2(TO)/main.java. Using fallback presentation compiler.[0m
2026.09.09 12:34:48 INFO  no build target found for /mnt/c/Users/Admin/Documents/Laboratorio2(TO)/main.java. Using fallback presentation compiler.[0m
2026.09.09 12:34:48 INFO  no build target found for /mnt/c/Users/Admin/Documents/Laboratorio2(TO)/main.java. Using fallback presentation compiler.[0m
2026.09.09 12:34:48 INFO  no build target found for /mnt/c/Users/Admin/Documents/Laboratorio2(TO)/main.java. Using fallback presentation compiler.[0m
2026.09.09 12:34:48 INFO  no build target found for /mnt/c/Users/Admin/Documents/Laboratorio2(TO)/main.java. Using fallback presentation compiler.[0m
2026.09.09 12:34:48 INFO  no build target found for /mnt/c/Users/Admin/Documents/Laboratorio2(TO)/main.java. Using fallback presentation compiler.[0m
2026.09.09 12:34:49 INFO  no build target found for /mnt/c/Users/Admin/Documents/Laboratorio2(TO)/main.java. Using fallback presentation compiler.[0m
2026.09.09 12:34:49 INFO  no build target found for /mnt/c/Users/Admin/Documents/Laboratorio2(TO)/main.java. Using fallback presentation compiler.[0m
Sep 09, 2026 12:34:49 PM org.eclipse.lsp4j.jsonrpc.RemoteEndpoint handleCancellation
WARNING: Unmatched cancel notification for request id 2239
2026.09.09 12:34:49 INFO  no build target found for /mnt/c/Users/Admin/Documents/Laboratorio2(TO)/main.java. Using fallback presentation compiler.[0m
2026.09.09 12:34:49 INFO  no build target found for /mnt/c/Users/Admin/Documents/Laboratorio2(TO)/main.java. Using fallback presentation compiler.[0m
2026.09.09 12:34:49 INFO  no build target found for /mnt/c/Users/Admin/Documents/Laboratorio2(TO)/main.java. Using fallback presentation compiler.[0m
2026.09.09 12:34:49 INFO  no build target found for /mnt/c/Users/Admin/Documents/Laboratorio2(TO)/main.java. Using fallback presentation compiler.[0m
2026.09.09 12:34:51 INFO  no build target found for /mnt/c/Users/Admin/Documents/Laboratorio2(TO)/main.java. Using fallback presentation compiler.[0m
2026.09.09 12:34:51 INFO  no build target found for /mnt/c/Users/Admin/Documents/Laboratorio2(TO)/main.java. Using fallback presentation compiler.[0m
2026.09.09 12:34:51 INFO  no build target found for /mnt/c/Users/Admin/Documents/Laboratorio2(TO)/main.java. Using fallback presentation compiler.[0m
2026.09.09 12:34:51 INFO  no build target found for /mnt/c/Users/Admin/Documents/Laboratorio2(TO)/main.java. Using fallback presentation compiler.[0m
2026.09.09 12:34:51 INFO  no build target found for /mnt/c/Users/Admin/Documents/Laboratorio2(TO)/main.java. Using fallback presentation compiler.[0m
2026.09.09 12:34:51 INFO  no build target found for /mnt/c/Users/Admin/Documents/Laboratorio2(TO)/main.java. Using fallback presentation compiler.[0m
2026.09.09 12:34:52 INFO  no build target found for /mnt/c/Users/Admin/Documents/Laboratorio2(TO)/main.java. Using fallback presentation compiler.[0m
2026.09.09 12:34:53 INFO  no build target found for /mnt/c/Users/Admin/Documents/Laboratorio2(TO)/Reporte.java. Using fallback presentation compiler.[0m
2026.09.09 12:34:53 WARN Sno build target for: /mnt/c/Users/Admin/Documents/Laboratorio2(TO)/Reporte.javation
WARNING: Unmatched cancel notification for request id 2264
[0m
2026.09.09 12:34:53 INFO  no build target found for /mnt/c/Users/Admin/Documents/Laboratorio2(TO)/Reporte.java. Using fallback presentation compiler.[0m
2026.09.09 12:34:53 INFO  no build target found for /mnt/c/Users/Admin/Documents/Laboratorio2(TO)/Reporte.java. Using fallback presentation compiler.[0m
2026.09.09 12:34:53 INFO  no build target found for /mnt/c/Users/Admin/Documents/Laboratorio2(TO)/Reporte.java. Using fallback presentation compiler.[0m
2026.09.09 12:34:54 INFO  no build target found for /mnt/c/Users/Admin/Documents/Laboratorio2(TO)/Reporte.java. Using fallback presentation compiler.[0m
2026.09.09 12:34:54 INFO  no build target found for /mnt/c/Users/Admin/Documents/Laboratorio2(TO)/Reporte.java. Using fallback presentation compiler.[0m
2026.09.09 12:34:54 INFO  no build target found for /mnt/c/Users/Admin/Documents/Laboratorio2(TO)/Reporte.java. Using fallback presentation compiler.[0m
2026.09.09 12:34:54 INFO  no build target found for /mnt/c/Users/Admin/Documents/Laboratorio2(TO)/Reporte.java. Using fallback presentation compiler.[0m
2026.09.09 12:34:54 INFO  no build target found for /mnt/c/Users/Admin/Documents/Laboratorio2(TO)/Reporte.java. Using fallback presentation compiler.[0m
2026.09.09 12:34:54 INFO  no build target found for /mnt/c/Users/Admin/Documents/Laboratorio2(TO)/Reporte.java. Using fallback presentation compiler.[0m
2026.09.09 12:34:55 INFO  no build target found for /mnt/c/Users/Admin/Documents/Laboratorio2(TO)/Reporte.java. Using fallback presentation compiler.[0m
2026.09.09 12:34:55 INFO  no build target found for /mnt/c/Users/Admin/Documents/Laboratorio2(TO)/Universidad.java. Using fallback presentation compiler.[0m
2026.09.09 12:34:56 WARN  no build target for: /mnt/c/Users/Admin/Documents/Laboratorio2(TO)/Universidad.java[0m
2026.09.09 12:34:55 INFO  no build target found for /mnt/c/Users/Admin/Documents/Laboratorio2(TO)/Universidad.java. Using fallback presentation compiler.[0m
2026.09.09 12:34:56 INFO  no build target found for /mnt/c/Users/Admin/Documents/Laboratorio2(TO)/Universidad.java. Using fallback presentation compiler.[0m
2026.09.09 12:34:55 INFO  no build target found for /mnt/c/Users/Admin/Documents/Laboratorio2(TO)/Universidad.java. Using fallback presentation compiler.[0m
2026.09.09 12:34:57 INFO  no build target found for /mnt/c/Users/Admin/Documents/Laboratorio2(TO)/Universidad.java. Using fallback presentation compiler.[0m
2026.09.09 12:34:57 INFO  no build target found for /mnt/c/Users/Admin/Documents/Laboratorio2(TO)/Universidad.java. Using fallback presentation compiler.[0m
2026.09.09 12:34:57 INFO  no build target found for /mnt/c/Users/Admin/Documents/Laboratorio2(TO)/Universidad.java. Using fallback presentation compiler.[0m
2026.09.09 12:34:57 INFO  no build target found for /mnt/c/Users/Admin/Documents/Laboratorio2(TO)/Universidad.java. Using fallback presentation compiler.[0m
2026.09.09 12:34:57 INFO  no build target found for /mnt/c/Users/Admin/Documents/Laboratorio2(TO)/Universidad.java. Using fallback presentation compiler.[0m
2026.09.09 12:34:58 INFO  no build target found for /mnt/c/Users/Admin/Documents/Laboratorio2(TO)/Universidad.java. Using fallback presentation compiler.[0m
2026.09.09 12:34:58 INFO  no build target found for /mnt/c/Users/Admin/Documents/Laboratorio2(TO)/Universidad.java. Using fallback presentation compiler.[0m
2026.09.09 12:34:58 INFO  no build target found for /mnt/c/Users/Admin/Documents/Laboratorio2(TO)/Universidad.java. Using fallback presentation compiler.[0m
2026.09.09 12:35:00 INFO  no build target found for /mnt/c/Users/Admin/Documents/Laboratorio2(TO)/Universidad.java. Using fallback presentation compiler.[0m
2026.09.09 12:35:00 INFO  no build target found for /mnt/c/Users/Admin/Documents/Laboratorio2(TO)/Universidad.java. Using fallback presentation compiler.[0m
2026.09.09 12:35:00 INFO  no build target found for /mnt/c/Users/Admin/Documents/Laboratorio2(TO)/Universidad.java. Using fallback presentation compiler.[0m
2026.09.09 12:35:00 INFO  no build target found for /mnt/c/Users/Admin/Documents/Laboratorio2(TO)/Universidad.java. Using fallback presentation compiler.[0m
2026.09.09 12:35:02 INFO  no build target found for /mnt/c/Users/Admin/Documents/Laboratorio2(TO)/Universidad.java. Using fallback presentation compiler.[0m
2026.09.09 12:35:03 INFO  no build target found for /mnt/c/Users/Admin/Documents/Laboratorio2(TO)/Universidad.java. Using fallback presentation compiler.[0m
2026.09.09 12:35:04 INFO  no build target found for /mnt/c/Users/Admin/Documents/Laboratorio2(TO)/Reporte.java. Using fallback presentation compiler.[0m
2026.09.09 12:35:04 WARN Sno build target for: /mnt/c/Users/Admin/Documents/Laboratorio2(TO)/Reporte.javation
WARNING: Unmatched cancel notification for request id 2316
[0m
2026.09.09 12:35:04 INFO  no build target found for /mnt/c/Users/Admin/Documents/Laboratorio2(TO)/Reporte.java. Using fallback presentation compiler.[0m
2026.09.09 12:35:04 INFO  no build target found for /mnt/c/Users/Admin/Documents/Laboratorio2(TO)/Profesor.java. Using fallback presentation compiler.[0m
2026.09.09 12:35:05 Sep 0 , 2026 12:35:05 PM org.eclipse.lsp4j.jsonrpc.RemoteEndpoint handleCancellation
WARNING: Unmatched cancel notification for request id 2322
no build target for: /mnt/c/Users/Admin/Documents/Laboratorio2(TO)/Profesor.java[0m
2026.09.09 12:35:04 INFO  no build target found for /mnt/c/Users/Admin/Documents/Laboratorio2(TO)/Profesor.java. Using fallback presentation compiler.[0m
2026.09.09 12:35:05 INFO  no build target found for /mnt/c/Users/Admin/Documents/Laboratorio2(TO)/Profesor.java. Using fallback presentation compiler.[0m
2026.09.09 12:35:04 INFO  no build target found for /mnt/c/Users/Admin/Documents/Laboratorio2(TO)/Profesor.java. Using fallback presentation compiler.[0m
2026.09.09 12:35:06 INFO  no build target found for /mnt/c/Users/Admin/Documents/Laboratorio2(TO)/Persona.java. Using fallback presentation compiler.[0m
2026.09.09 12:35:06 WARN Sno build target for: /mnt/c/Users/Admin/Documents/Laboratorio2(TO)/Persona.javation
WARNING: Unmatched cancel notification for request id 2331
[0m
2026.09.09 12:35:06 INFO  no build target found for /mnt/c/Users/Admin/Documents/Laboratorio2(TO)/Persona.java. Using fallback presentation compiler.[0m
2026.09.09 12:35:07 INFO  no build target found for /mnt/c/Users/Admin/Documents/Laboratorio2(TO)/main.java. Using fallback presentation compiler.[0m
2026.09.09 12:35:07 Sep 0 , 2026 12:35:07 PM org.eclipse.lsp4j.jsonrpc.RemoteEndpoint handleCancellation
WARNING: Unmatched cancel notification for request id 2338
no build target for: /mnt/c/Users/Admin/Documents/Laboratorio2(TO)/main.java[0m
2026.09.09 12:35:07 INFO  no build target found for /mnt/c/Users/Admin/Documents/Laboratorio2(TO)/main.java. Using fallback presentation compiler.[0m
2026.09.09 12:35:08 INFO  no build target found for /mnt/c/Users/Admin/Documents/Laboratorio2(TO)/Horario.java. Using fallback presentation compiler.[0m
2026.09.09 12:35:08 WARN  no build target for: /mnt/c/Users/Admin/Documents/Laboratorio2(TO)/Horario.javaation
WARNING: Unmatched cancel notification for request id 2345
[0m
2026.09.09 12:35:08 INFO  no build target found for /mnt/c/Users/Admin/Documents/Laboratorio2(TO)/Horario.java. Using fallback presentation compiler.[0m
2026.09.09 12:35:10 INFO  no build target found for /mnt/c/Users/Admin/Documents/Laboratorio2(TO)/Estudiante.java. Using fallback presentation compiler.[0m
2026.09.09 12:35:10 WARN Sno build target for: /mnt/c/Users/Admin/Documents/Laboratorio2(TO)/Estudiante.javan
WARNING: Unmatched cancel notification for request id 2352
[0m
2026.09.09 12:35:10 INFO  no build target found for /mnt/c/Users/Admin/Documents/Laboratorio2(TO)/Estudiante.java. Using fallback presentation compiler.[0m
2026.09.09 12:35:10 INFO  no build target found for /mnt/c/Users/Admin/Documents/Laboratorio2(TO)/Estudiante.java. Using fallback presentation compiler.[0m
2026.09.09 12:35:10 INFO  no build target found for /mnt/c/Users/Admin/Documents/Laboratorio2(TO)/Estudiante.java. Using fallback presentation compiler.[0m
2026.09.09 12:35:10 INFO  no build target found for /mnt/c/Users/Admin/Documents/Laboratorio2(TO)/Curso.java. Using fallback presentation compiler.[0m
2026.09.09 12:35:11 Sep 09no build target for: /mnt/c/Users/Admin/Documents/Laboratorio2(TO)/Curso.javan
WARNING: Unmatched cancel notification for request id 2361
[0m
2026.09.09 12:35:10 INFO  no build target found for /mnt/c/Users/Admin/Documents/Laboratorio2(TO)/Curso.java. Using fallback presentation compiler.[0m
2026.09.09 12:35:11 INFO  no build target found for /mnt/c/Users/Admin/Documents/Laboratorio2(TO)/Curso.java. Using fallback presentation compiler.[0m
2026.09.09 12:35:11 INFO  no build target found for /mnt/c/Users/Admin/Documents/Laboratorio2(TO)/Curso.java. Using fallback presentation compiler.[0m
2026.09.09 12:35:15 INFO  no build target found for /mnt/c/Users/Admin/Documents/Laboratorio2(TO)/Curso.java. Using fallback presentation compiler.[0m
2026.09.09 12:36:17 INFO  no build target found for /mnt/c/Users/Admin/Documents/Laboratorio2(TO)/Persona.java. Using fallback presentation compiler.[0m
2026.09.09 12:36:17 WARN Sep 09, 2026 12:36:17 PM org.eclipse.lsp4j.jsonrpc.RemoteEndpoint handleCancellation
WARNING: Unmatched cancel notification for request id 2371
[0m
2026.09.09 12:36:17 INFO  no build target found for /mnt/c/Users/Admin/Documents/Laboratorio2(TO)/Persona.java. Using fallback presentation compiler.[0m
2026.09.09 12:36:42 INFO  no build target found for /mnt/c/Users/Admin/Documents/Laboratorio2(TO)/Profesor.java. Using fallback presentation compiler.[0m
2026.09.09 12:36:42 WARN Sno build target for: /mnt/c/Users/Admin/Documents/Laboratorio2(TO)/Profesor.javaion
WARNING: Unmatched cancel notification for request id 2378
[0m
2026.09.09 12:36:42 INFO  no build target found for /mnt/c/Users/Admin/Documents/Laboratorio2(TO)/Profesor.java. Using fallback presentation compiler.[0m
2026.09.09 12:36:42 INFO  no build target found for /mnt/c/Users/Admin/Documents/Laboratorio2(TO)/Profesor.java. Using fallback presentation compiler.[0m
2026.09.09 12:36:42 INFO  no build target found for /mnt/c/Users/Admin/Documents/Laboratorio2(TO)/Profesor.java. Using fallback presentation compiler.[0m
2026.09.09 12:36:56 INFO  no build target found for /mnt/c/Users/Admin/Documents/Laboratorio2(TO)/Estudiante.java. Using fallback presentation compiler.[0m
2026.09.09 12:36:56 Sep 0 , 2026 12:36:56 PM org.eclipse.lsp4j.jsonrpc.RemoteEndpoint handleCancellation
WARNING: Unmatched cancel notification for request id 2387
no build target for: /mnt/c/Users/Admin/Documents/Laboratorio2(TO)/Estudiante.java[0m
2026.09.09 12:36:56 INFO  no build target found for /mnt/c/Users/Admin/Documents/Laboratorio2(TO)/Estudiante.java. Using fallback presentation compiler.[0m
2026.09.09 12:36:56 INFO  no build target found for /mnt/c/Users/Admin/Documents/Laboratorio2(TO)/Estudiante.java. Using fallback presentation compiler.[0m
2026.09.09 12:36:56 INFO  no build target found for /mnt/c/Users/Admin/Documents/Laboratorio2(TO)/Estudiante.java. Using fallback presentation compiler.[0m
2026.09.09 12:37:13 INFO  no build target found for /mnt/c/Users/Admin/Documents/Laboratorio2(TO)/Curso.java. Using fallback presentation compiler.[0m
2026.09.09 12:37:14 Sep 0 , 2026 12:37:14 PM org.eclipse.lsp4j.jsonrpc.RemoteEndpoint handleCancellation
WARNING: Unmatched cancel notification for request id 2396
no build target for: /mnt/c/Users/Admin/Documents/Laboratorio2(TO)/Curso.java[0m
2026.09.09 12:37:13 INFO  no build target found for /mnt/c/Users/Admin/Documents/Laboratorio2(TO)/Curso.java. Using fallback presentation compiler.[0m
2026.09.09 12:37:14 INFO  no build target found for /mnt/c/Users/Admin/Documents/Laboratorio2(TO)/Curso.java. Using fallback presentation compiler.[0m
2026.09.09 12:37:13 INFO  no build target found for /mnt/c/Users/Admin/Documents/Laboratorio2(TO)/Curso.java. Using fallback presentation compiler.[0m
2026.09.09 12:37:46 INFO  no build target found for /mnt/c/Users/Admin/Documents/Laboratorio2(TO)/Horario.java. Using fallback presentation compiler.[0m
2026.09.09 12:37:47Sep 09, 2026 12:37:47 PM org.eclipse.lsp4j.jsonrpc.RemoteEndpoint handleCancellation
WARNING: Unmatched cancel notification for request id 2405
WARN  no build target for: /mnt/c/Users/Admin/Documents/Laboratorio2(TO)/Horario.java[0m
2026.09.09 12:37:47 INFO  no build target found for /mnt/c/Users/Admin/Documents/Laboratorio2(TO)/Horario.java. Using fallback presentation compiler.[0m
2026.09.09 12:37:46 INFO  no build target found for /mnt/c/Users/Admin/Documents/Laboratorio2(TO)/Horario.java. Using fallback presentation compiler.[0m
2026.09.09 12:38:01 INFO  no build target found for /mnt/c/Users/Admin/Documents/Laboratorio2(TO)/Reporte.java. Using fallback presentation compiler.[0m
2026.09.09 12:38:01 WARN Sno build target for: /mnt/c/Users/Admin/Documents/Laboratorio2(TO)/Reporte.javation
WARNING: Unmatched cancel notification for request id 2415
[0m
2026.09.09 12:38:01 INFO  no build target found for /mnt/c/Users/Admin/Documents/Laboratorio2(TO)/Reporte.java. Using fallback presentation compiler.[0m
2026.09.09 12:38:01 INFO  no build target found for /mnt/c/Users/Admin/Documents/Laboratorio2(TO)/Universidad.java. Using fallback presentation compiler.[0m
2026.09.09 12:38:02 Sep 0 , 2026 12:38:02 PM org.eclipse.lsp4j.jsonrpc.RemoteEndpoint handleCancellation
WARNING: Unmatched cancel notification for request id 2420
no build target for: /mnt/c/Users/Admin/Documents/Laboratorio2(TO)/Universidad.java[0m
2026.09.09 12:38:01 INFO  no build target found for /mnt/c/Users/Admin/Documents/Laboratorio2(TO)/Universidad.java. Using fallback presentation compiler.[0m
2026.09.09 12:38:01 INFO  no build target found for /mnt/c/Users/Admin/Documents/Laboratorio2(TO)/Universidad.java. Using fallback presentation compiler.[0m
2026.09.09 12:38:01 INFO  no build target found for /mnt/c/Users/Admin/Documents/Laboratorio2(TO)/Universidad.java. Using fallback presentation compiler.[0m
2026.09.09 12:38:03 INFO  no build target found for /mnt/c/Users/Admin/Documents/Laboratorio2(TO)/Universidad.java. Using fallback presentation compiler.[0m
2026.09.09 12:38:14 INFO  no build target found for /mnt/c/Users/Admin/Documents/Laboratorio2(TO)/Reporte.java. Using fallback presentation compiler.[0m
Sep 09, 2026 12:38:15 PM org.eclipse.lsp4j.jsonrpc.RemoteEndpoint handleCancellation
WARNING: Unmatched cancel notification for request id 2432
WARN  no build target for: /mnt/c/Users/Admin/Documents/Laboratorio2(TO)/Reporte.java[0m
2026.09.09 12:38:15 INFO  no build target found for /mnt/c/Users/Admin/Documents/Laboratorio2(TO)/Reporte.java. Using fallback presentation compiler.[0m
2026.09.09 12:38:28 INFO  no build target found for /mnt/c/Users/Admin/Documents/Laboratorio2(TO)/main.java. Using fallback presentation compiler.[0m
2026.09.09 12:38:28 WARN Sno build target for: /mnt/c/Users/Admin/Documents/Laboratorio2(TO)/main.javallation
WARNING: Unmatched cancel notification for request id 2438
[0m
2026.09.09 12:38:28 INFO  no build target found for /mnt/c/Users/Admin/Documents/Laboratorio2(TO)/main.java. Using fallback presentation compiler.[0m
2026.09.09 12:38:28 INFO  no build target found for /mnt/c/Users/Admin/Documents/Laboratorio2(TO)/main.java. Using fallback presentation compiler.[0m
Sep 09, 2026 12:45:11 PM org.eclipse.lsp4j.jsonrpc.services.GenericEndpoint notify
INFO: Unsupported notification method: $/setTrace
2026.09.09 12:45:11 INFO  no build target found for /mnt/c/Users/Admin/Documents/Laboratorio2(TO)/main.java. Using fallback presentation compiler.[0m
Sep 09, 2026 12:45:12 PM org.eclipse.lsp4j.jsonrpc.services.GenericEndpoint notify
INFO: Unsupported notification method: $/setTrace
2026.09.09 12:45:11 INFO  no build target found for /mnt/c/Users/Admin/Documents/Laboratorio2(TO)/main.java. Using fallback presentation compiler.[0m
2026.09.09 12:47:03 INFO  no build target found for /mnt/c/Users/Admin/Documents/Laboratorio2(TO)/Universidad.java. Using fallback presentation compiler.[0m
Sep 09, 2026 12:47: 3 PM org.eclipse.lsp4j.jsonrpc.RemoteEndpoint handleCancellation
WARNING: Unmatched cancel notification for request id 2457
WARN  no build target for: /mnt/c/Users/Admin/Documents/Laboratorio2(TO)/Universidad.java[0m
2026.09.09 12:47:03 INFO  no build target found for /mnt/c/Users/Admin/Documents/Laboratorio2(TO)/Universidad.java. Using fallback presentation compiler.[0m
2026.09.09 12:47:03 INFO  no build target found for /mnt/c/Users/Admin/Documents/Laboratorio2(TO)/Universidad.java. Using fallback presentation compiler.[0m
2026.09.09 12:47:03 INFO  no build target found for /mnt/c/Users/Admin/Documents/Laboratorio2(TO)/Universidad.java. Using fallback presentation compiler.[0m
2026.09.09 12:47:03 INFO  no build target found for /mnt/c/Users/Admin/Documents/Laboratorio2(TO)/Universidad.java. Using fallback presentation compiler.[0m
2026.09.09 12:47:03 INFO  no build target found for /mnt/c/Users/Admin/Documents/Laboratorio2(TO)/Universidad.java. Using fallback presentation compiler.[0m
2026.09.09 12:47:04 INFO  no build target found for /mnt/c/Users/Admin/Documents/Laboratorio2(TO)/Universidad.java. Using fallback presentation compiler.[0m
2026.09.09 12:47:04 INFO  no build target found for /mnt/c/Users/Admin/Documents/Laboratorio2(TO)/Universidad.java. Using fallback presentation compiler.[0m
2026.09.09 12:47:04 INFO  no build target found for /mnt/c/Users/Admin/Documents/Laboratorio2(TO)/Universidad.java. Using fallback presentation compiler.[0m
2026.09.09 12:47:05 INFO  no build target found for /mnt/c/Users/Admin/Documents/Laboratorio2(TO)/Universidad.java. Using fallback presentation compiler.[0m
2026.09.09 12:47:06 INFO  no build target found for /mnt/c/Users/Admin/Documents/Laboratorio2(TO)/Universidad.java. Using fallback presentation compiler.[0m
2026.09.09 12:47:06 INFO  no build target found for /mnt/c/Users/Admin/Documents/Laboratorio2(TO)/Universidad.java. Using fallback presentation compiler.[0m
2026.09.09 12:47:06 INFO  no build target found for /mnt/c/Users/Admin/Documents/Laboratorio2(TO)/Universidad.java. Using fallback presentation compiler.[0m
2026.09.09 12:47:07 INFO  no build target found for /mnt/c/Users/Admin/Documents/Laboratorio2(TO)/Universidad.java. Using fallback presentation compiler.[0m
2026.09.09 12:47:07 INFO  no build target found for /mnt/c/Users/Admin/Documents/Laboratorio2(TO)/Universidad.java. Using fallback presentation compiler.[0m
2026.09.09 12:47:07 INFO  no build target found for /mnt/c/Users/Admin/Documents/Laboratorio2(TO)/Universidad.java. Using fallback presentation compiler.[0m
2026.09.09 12:47:07 INFO  no build target found for /mnt/c/Users/Admin/Documents/Laboratorio2(TO)/Universidad.java. Using fallback presentation compiler.[0m
2026.09.09 12:47:08 WARN  no build target for: /mnt/c/Users/Admin/Documents/Laboratorio2(TO)/Universidad.java[0m
2026.09.09 12:47:08 INFO  no build target found for /mnt/c/Users/Admin/Documents/Laboratorio2(TO)/Universidad.java. Using fallback presentation compiler.[0m
2026.09.09 12:47:08 INFO  no build target found for /mnt/c/Users/Admin/Documents/Laboratorio2(TO)/Universidad.java. Using fallback presentation compiler.[0m
2026.09.09 12:47:12 INFO  no build target found for /mnt/c/Users/Admin/Documents/Laboratorio2(TO)/main.java. Using fallback presentation compiler.[0m
2026.09.09 12:47:12 WARN Sep 09, 2026 12:47:12 PM org.eclipse.lsp4j.jsonrpc.RemoteEndpoint handleCancellation
WARNING: Unmatched cancel notification for request id 2500
no build target for: /mnt/c/Users/Admin/Documents/Laboratorio2(TO)/main.java[0m
2026.09.09 12:47:12 INFO  no build target found for /mnt/c/Users/Admin/Documents/Laboratorio2(TO)/main.java. Using fallback presentation compiler.[0m
2026.09.09 12:47:12 INFO  no build target found for /mnt/c/Users/Admin/Documents/Laboratorio2(TO)/main.java. Using fallback presentation compiler.[0m
2026.09.09 12:47:12 INFO  no build target found for /mnt/c/Users/Admin/Documents/Laboratorio2(TO)/main.java. Using fallback presentation compiler.[0m
